﻿<?xml version="1.0" encoding="utf-8"?>
<catalog xmlns:catalogue="urn:catalog">
  <album>
    <name>Lunitik Muzik</name>
    <artist>Luniz</artist>
    <year>1997</year>
    <producer>Bosko</producer>
    <price>20</price>
    <song>
      <title>Intro</title>
      <duration>5</duration>
    </song>
    <song>
      <title>Funkin Over Nuthin</title>
      <duration>4</duration>
    </song>
    <song>
      <title>My Baby Mamma</title>
      <duration>4</duration>
    </song>
  </album>
  <album>
    <name>Girl on Fire</name>
    <artist>Alicia Keys</artist>
    <year>2012</year>
    <producer>Babyface</producer>
    <price>20</price>
    <song>
      <title>De Novo Adagio </title>
      <duration>4</duration>
    </song>
    <song>
      <title>When It's All Over</title>
      <duration>4</duration>
    </song>
    <song>
      <title>New Day</title>
      <duration>3</duration>
    </song>
  </album>
</catalog>