<?xml version="1.0" encoding="utf-8"?>
<rss version="2.0">
<channel>
<title>Telerik Academy Forums - Recent questions and answers</title>
<link>http://forums.academy.telerik.com/qa</link>
<description>Powered by Question2Answer</description>
<item>
<title>Answered: Помощ с избора на лаптоп !</title>
<link>http://forums.academy.telerik.com/172622/%D0%BF%D0%BE%D0%BC%D0%BE%D1%89-%D1%81-%D0%B8%D0%B7%D0%B1%D0%BE%D1%80%D0%B0-%D0%BD%D0%B0-%D0%BB%D0%B0%D0%BF%D1%82%D0%BE%D0%BF?show=172624#a172624</link>
<description>&lt;p&gt;
	Здравей, колега,&lt;/p&gt;
&lt;p&gt;
	лаптопът не е лош и би ти свършил работа. Ако си се спрял на този модел - по-добре си го вземи с 8 Gb RAM.&lt;/p&gt;
&lt;p&gt;
	Иначе, можеш да разгледаш следните теми:&lt;/p&gt;
&lt;p&gt;
	&lt;a rel=&quot;nofollow&quot; href=&quot;http://forums.academy.telerik.com/15009/%D1%81%D1%8A%D0%B2%D0%B5%D1%82%D0%B8-%D0%B7%D0%B0-%D0%BF%D0%BE%D0%BA%D1%83%D0%BF%D0%BA%D0%B0-%D0%BD%D0%B0-%D0%BB%D0%B0%D0%BF%D1%82%D0%BE%D0%BF-%D0%B7%D0%B0-%D0%BF%D1%80%D0%BE%D0%B3%D1%80%D0%B0%D0%BC%D0%B8%D1%80%D0%B0%D0%BD%D0%B5?show=15009#q15009&quot; target=&quot;_blank&quot;&gt;Цък&lt;/a&gt;, &lt;a rel=&quot;nofollow&quot; href=&quot;http://forums.academy.telerik.com/103026/%D0%BF%D0%BE%D0%BC%D0%BE%D1%89-%D0%BF%D1%80%D0%B8-%D0%B8%D0%B7%D0%B1%D0%BE%D1%80-%D0%BD%D0%B0-%D0%BB%D0%B0%D0%BF%D1%82%D0%BE%D0%BF-%D0%B4%D0%BE-1000-%D0%BB%D0%B2?show=103026#q103026&quot; target=&quot;_blank&quot;&gt;Цък&lt;/a&gt;, &lt;a rel=&quot;nofollow&quot; href=&quot;http://forums.academy.telerik.com/108710/%D0%B2%D1%8A%D0%BF%D1%80%D0%BE%D1%81-%D0%BE%D1%82%D0%BD%D0%BE%D1%81%D0%BD%D0%BE-%D0%BF%D0%B0%D1%80%D0%B0%D0%BC%D0%B5%D1%82%D1%80%D0%B8-%D1%86%D0%B5%D0%BD%D0%B0-%D0%BD%D0%B0-%D0%BB%D0%B0%D0%BF%D1%82%D0%BE%D0%BF?show=108710#q108710&quot; target=&quot;_blank&quot;&gt;Цък&lt;/a&gt;, &lt;a rel=&quot;nofollow&quot; href=&quot;http://forums.academy.telerik.com/171005/%D1%81%D1%8A%D0%B2%D0%B5%D1%82-%D0%B7%D0%B0-%D0%BB%D0%B0%D0%BF%D1%82%D0%BE%D0%BF-asus-%D0%BA%D0%B0%D1%82%D0%BE-%D0%BC%D0%B0%D1%80%D0%BA%D0%B0-%D0%BC%D0%BD%D0%B5%D0%BD%D0%B8%D0%B5?show=171005#q171005&quot; target=&quot;_blank&quot;&gt;Цък&lt;/a&gt;&lt;/p&gt;</description>
<category>Предложения</category>
<guid isPermaLink="true">http://forums.academy.telerik.com/172622/%D0%BF%D0%BE%D0%BC%D0%BE%D1%89-%D1%81-%D0%B8%D0%B7%D0%B1%D0%BE%D1%80%D0%B0-%D0%BD%D0%B0-%D0%BB%D0%B0%D0%BF%D1%82%D0%BE%D0%BF?show=172624#a172624</guid>
<pubDate>Sun, 07 Sep 2014 18:08:19 +0000</pubDate>
</item>
<item>
<title>Answered: Бъдещо развитие</title>
<link>http://forums.academy.telerik.com/172610/%D0%B1%D1%8A%D0%B4%D0%B5%D1%89%D0%BE-%D1%80%D0%B0%D0%B7%D0%B2%D0%B8%D1%82%D0%B8%D0%B5?show=172621#a172621</link>
<description>Здравей и от мен,&lt;br /&gt;
&lt;br /&gt;
абсолютно съм съгласен с написаното от колегите преди мен. Миналата година със започването ми на 11ти клас в училище записах акамедията и още се движа с пълна сила, така че със сигурност е възможно и на тази възраст.&lt;br /&gt;
&lt;br /&gt;
Тъй като уча в специализирано училище за ИТ, а и съм имал късмета да се запозная с хора работещи в сферата и извън училище, съм разпитвал доста и съм стигнал до заключението, че най-важното при кандидатстване за работа ти е портфолиото, заедно с impression-a, който създаваш при самия разговор с работодателя. Така че както колегите са казали с едни проектчета и лека подготовка си готов.&lt;br /&gt;
&lt;br /&gt;
Математиката, физиката и другите &amp;quot;странични&amp;quot; предмети могат да ти помогнат по-много различни начини. Най-малкото математиката и физиката ти развиват логическото мислене, което е полезно и при програмирането. Има и сфери в програмирането, където без знания от други области няма да се справиш лесно, gamedev например.&lt;br /&gt;
&lt;br /&gt;
Това лято успях да се свържа с едни хора, завършили училището ми и ме взеха на стаж за 2 месеца (можеше и повече, но имах други ангажименти) и даже ме питаха дали предпочитам да ми осигурят място в офиса да работя или предпочитам от вкъщи, така че можеш и стаж да си намериш и вече по договаряне дали ще е дистанционно или не.&lt;br /&gt;
&lt;br /&gt;
Колкото до университетите, отново информацията ми идва от разпитване и research-ване. Не съм се интересувал от университети в чужбина, но имам мнение за тези в България и по-точно в София. СофтУни за мен е като по-лесна версия на Телерик, която обаче ти струва пари. Поради това не виждам смисъл от СофтУни освен ако не искаш просто да преминеш през някакво висше за хартийката както се казва (от някои от партньорите на СофтУни). От там остават ТУ, ФМИ и НБУ. За НБУ има толкова много шарени мнения, а за ТУ основните твърдения са, че знанията които преподават са остарели. Въф ФМИ определено можеш да научиш нещо, но не съвсем по ИТ. До колкото знам обаче математиката и физиката са на ниво там. Общо взето университетите ни, за тази специалност в България са там колкото да ги има по документи. Ако искаш да научиш нещо ще трябва да търсиш сам.&lt;br /&gt;
&lt;br /&gt;
Повечето ми мнения са от наблюдение ама реших, че може да ти е полезно да видиш как размишлява някой съвсем малко по-голям от теб.&lt;br /&gt;
&lt;br /&gt;
А да, наистина е яко, че имаш желание да се развиваш. Като човек, който се е отказвал от почти всичко започнато преди, при мен това имаше изключително значение :)</description>
<category>Общи приказки</category>
<guid isPermaLink="true">http://forums.academy.telerik.com/172610/%D0%B1%D1%8A%D0%B4%D0%B5%D1%89%D0%BE-%D1%80%D0%B0%D0%B7%D0%B2%D0%B8%D1%82%D0%B8%D0%B5?show=172621#a172621</guid>
<pubDate>Sun, 07 Sep 2014 16:55:13 +0000</pubDate>
</item>
<item>
<title>Answered: почистване на лаптоп</title>
<link>http://forums.academy.telerik.com/172617/%D0%BF%D0%BE%D1%87%D0%B8%D1%81%D1%82%D0%B2%D0%B0%D0%BD%D0%B5-%D0%BD%D0%B0-%D0%BB%D0%B0%D0%BF%D1%82%D0%BE%D0%BF?show=172620#a172620</link>
<description>В който и сервиз да го занесеш все ще ти го почистят. Не е нещо кой знае какво. Най-добре питай някой твой фр да ти го почисти, за да не даваш излишни пари :).</description>
<category>Важни съобщения</category>
<guid isPermaLink="true">http://forums.academy.telerik.com/172617/%D0%BF%D0%BE%D1%87%D0%B8%D1%81%D1%82%D0%B2%D0%B0%D0%BD%D0%B5-%D0%BD%D0%B0-%D0%BB%D0%B0%D0%BF%D1%82%D0%BE%D0%BF?show=172620#a172620</guid>
<pubDate>Sun, 07 Sep 2014 16:48:58 +0000</pubDate>
</item>
<item>
<title>Бъг на клавиатурата</title>
<link>http://forums.academy.telerik.com/172611/%D0%B1%D1%8A%D0%B3-%D0%BD%D0%B0-%D0%BA%D0%BB%D0%B0%D0%B2%D0%B8%D0%B0%D1%82%D1%83%D1%80%D0%B0%D1%82%D0%B0</link>
<description>Днес сутринта започвам да пиша и забелязвам, че нещо клавиятурата ми се е сбъгясала! Примерно когато натисна Backspace, трие 1 символ и отива зад още един, друг път пък изписва цифрата 4, и трябва да натисна FN+Num Lock, за да започне да трие, но все още отива зад още 1 символ. Примерно, ако трябва да изтрия думата Лаптоп, трябва да натисна 6 пъти Backspace+ 6 пъти стрелка на ляво &amp;lt;-. Също така цифрата 4 от дясно на num pad има абсолютно същото действие! Какво е туй чудо нямам идея. Преинсталирах windows 7 и същият проблем. От какво е според вас, Клавиятурата се е прецакала, бъг или комбинация на FN... или нещо друго, а междодругото когато сложих външна клавиятура работеше идеално! Ако проблемът е в клавиятурата на лаптопа как мога да го фиксирам?!?</description>
<category>Общи приказки</category>
<guid isPermaLink="true">http://forums.academy.telerik.com/172611/%D0%B1%D1%8A%D0%B3-%D0%BD%D0%B0-%D0%BA%D0%BB%D0%B0%D0%B2%D0%B8%D0%B0%D1%82%D1%83%D1%80%D0%B0%D1%82%D0%B0</guid>
<pubDate>Sun, 07 Sep 2014 14:22:25 +0000</pubDate>
</item>
<item>
<title>Answered: [Databases] Изпит и проблем с входните данни</title>
<link>http://forums.academy.telerik.com/172285/databases-%D0%B8%D0%B7%D0%BF%D0%B8%D1%82-%D0%B8-%D0%BF%D1%80%D0%BE%D0%B1%D0%BB%D0%B5%D0%BC-%D1%81-%D0%B2%D1%85%D0%BE%D0%B4%D0%BD%D0%B8%D1%82%D0%B5-%D0%B4%D0%B0%D0%BD%D0%BD%D0%B8?show=172607#a172607</link>
<description>&lt;p style=&quot;text-align: justify;&quot;&gt;
	Някой иска ли да тества този SQL скрипт - генерира данните от условието, прави 10,000 играчки, и навързва играчки и категории (още около 10,000 записа в ToysCategories). На моя комп става за 30 секунди. Може да се изпълни целия скрипт наведнъж - първо трие данните (не таблиците) и после ги пълни.&lt;/p&gt;
&lt;p style=&quot;text-align: justify;&quot;&gt;
	&lt;a href=&quot;https://github.com/neutrino-git/TelerikAcademy/blob/master/Databases/DB-Practical-Exam-Sept-2014/ToyStore-INSERT-Data.sql&quot; rel=&quot;nofollow&quot;&gt;SQL&lt;/a&gt;&lt;/p&gt;</description>
<category>Databases</category>
<guid isPermaLink="true">http://forums.academy.telerik.com/172285/databases-%D0%B8%D0%B7%D0%BF%D0%B8%D1%82-%D0%B8-%D0%BF%D1%80%D0%BE%D0%B1%D0%BB%D0%B5%D0%BC-%D1%81-%D0%B2%D1%85%D0%BE%D0%B4%D0%BD%D0%B8%D1%82%D0%B5-%D0%B4%D0%B0%D0%BD%D0%BD%D0%B8?show=172607#a172607</guid>
<pubDate>Sun, 07 Sep 2014 13:28:11 +0000</pubDate>
</item>
<item>
<title>Answered: Въпрос за routes в ASP.NET</title>
<link>http://forums.academy.telerik.com/172599/%D0%B2%D1%8A%D0%BF%D1%80%D0%BE%D1%81-%D0%B7%D0%B0-routes-%D0%B2-asp-net?show=172601#a172601</link>
<description>Web Api 2 ли ползваш&lt;br /&gt;
&lt;br /&gt;
[Route(&amp;quot;artist/{artistId}/albums&amp;quot;)]&lt;br /&gt;
&lt;br /&gt;
[HttpGet]&lt;br /&gt;
&lt;br /&gt;
public IEnumerable&amp;lt;Album&amp;gt; GetArtistAlbumByArtistId(int artistId)&lt;br /&gt;
&lt;br /&gt;
{&lt;br /&gt;
&lt;br /&gt;
кода&lt;br /&gt;
&lt;br /&gt;
}</description>
<category>Web services and cloud</category>
<guid isPermaLink="true">http://forums.academy.telerik.com/172599/%D0%B2%D1%8A%D0%BF%D1%80%D0%BE%D1%81-%D0%B7%D0%B0-routes-%D0%B2-asp-net?show=172601#a172601</guid>
<pubDate>Sun, 07 Sep 2014 13:00:18 +0000</pubDate>
</item>
<item>
<title>Инсталиране на Entity Framework локално</title>
<link>http://forums.academy.telerik.com/172590/%D0%B8%D0%BD%D1%81%D1%82%D0%B0%D0%BB%D0%B8%D1%80%D0%B0%D0%BD%D0%B5-%D0%BD%D0%B0-entity-framework-%D0%BB%D0%BE%D0%BA%D0%B0%D0%BB%D0%BD%D0%BE</link>
<description>&lt;p&gt;
	Поради вероятните проблеми с тока по време на изпита утре и съответна липса на интернет, макар и да не е rocket science, описвам как се инсталира EF от свален локално package&lt;br&gt;
	&lt;br&gt;
	1. Теглим си пакета от тук: &lt;a href=&quot;http://packages.nuget.org/api/v1/package/entityframework/6.0.1&quot; rel=&quot;nofollow&quot;&gt;&amp;nbsp;packages.nuget.org/api/v1/package/entityframework/6.0.1&lt;/a&gt;&lt;br&gt;
	&lt;br&gt;
	2. На проекта, на който искаме да инсталираме EF даваме десен бутон - Manage Nuget Packages&lt;br&gt;
	&lt;br&gt;
	3. Влизаме долу вляво в settings -&amp;gt; &amp;nbsp;PackageManager -&amp;gt; PackageSources&lt;br&gt;
	&lt;br&gt;
	4. Махаме отметките на Avaliable package sources и на source полето си избираме folder-a, в който сме свалили package-a предварително&lt;br&gt;
	&lt;br&gt;
	5. Инсталираме по вече познатият ни начин&lt;br&gt;
	&lt;br&gt;
	Може много от вас да знаят как става това, но със сигурност има някой, който не знае и да се занимава на изпит да мисли не си е работа.&lt;br&gt;
	&lt;br&gt;
	Поздрави и успех утре!&lt;/p&gt;</description>
<category>FAQ</category>
<guid isPermaLink="true">http://forums.academy.telerik.com/172590/%D0%B8%D0%BD%D1%81%D1%82%D0%B0%D0%BB%D0%B8%D1%80%D0%B0%D0%BD%D0%B5-%D0%BD%D0%B0-entity-framework-%D0%BB%D0%BE%D0%BA%D0%B0%D0%BB%D0%BD%D0%BE</guid>
<pubDate>Sun, 07 Sep 2014 09:43:17 +0000</pubDate>
</item>
<item>
<title>Answered: [Databases] Видео от подготовка за изпит</title>
<link>http://forums.academy.telerik.com/172514/databases-%D0%B2%D0%B8%D0%B4%D0%B5%D0%BE-%D0%BE%D1%82-%D0%BF%D0%BE%D0%B4%D0%B3%D0%BE%D1%82%D0%BE%D0%B2%D0%BA%D0%B0-%D0%B7%D0%B0-%D0%B8%D0%B7%D0%BF%D0%B8%D1%82?show=172589#a172589</link>
<description>Аз имам едно въпросче по видеото. Явно нещо съм пропуснал докато съм го гледал, но не мога да открия какво. При създаването на BooksAuthors, след като се опитам да я генерирам в базада гърми и ми казва: Bookstore.Data.BookAuthors: : EntityType 'BookAuthors' has no key defined. Define the key for this EntityType. BookAuthors: EntityType: EntitySet 'BookAuthors' is based on type 'BookAuthors' that has no keys defined. Кодът е почти същия като във видеото, но не иска и това е.&lt;br /&gt;
&lt;br /&gt;
&lt;a href=&quot;http://pastebin.com/cDAXT8Sb&quot; rel=&quot;nofollow&quot; target=&quot;_blank&quot;&gt;http://pastebin.com/cDAXT8Sb&lt;/a&gt;&lt;br /&gt;
&lt;br /&gt;
Някой има ли идея защо?</description>
<category>Databases</category>
<guid isPermaLink="true">http://forums.academy.telerik.com/172514/databases-%D0%B2%D0%B8%D0%B4%D0%B5%D0%BE-%D0%BE%D1%82-%D0%BF%D0%BE%D0%B4%D0%B3%D0%BE%D1%82%D0%BE%D0%B2%D0%BA%D0%B0-%D0%B7%D0%B0-%D0%B8%D0%B7%D0%BF%D0%B8%D1%82?show=172589#a172589</guid>
<pubDate>Sun, 07 Sep 2014 09:41:17 +0000</pubDate>
</item>
<item>
<title>Answered: Дата, час и продължителност на изпита</title>
<link>http://forums.academy.telerik.com/172400/%D0%B4%D0%B0%D1%82%D0%B0-%D1%87%D0%B0%D1%81-%D0%B8-%D0%BF%D1%80%D0%BE%D0%B4%D1%8A%D0%BB%D0%B6%D0%B8%D1%82%D0%B5%D0%BB%D0%BD%D0%BE%D1%81%D1%82-%D0%BD%D0%B0-%D0%B8%D0%B7%D0%BF%D0%B8%D1%82%D0%B0?show=172585#a172585</link>
<description>Някой може ли да се произнесе по въпроса със софтуера на компютрите в залата и дали има необходимите неща за изпита? Аз ще се опитам да си взема и лаптоп, но на не знам дали ще успея да запаля всички неща, които ще трябват по време на изпита.&lt;br /&gt;
&lt;br /&gt;
Друг някой ще ползва ли стационарните машини в залите?</description>
<category>Databases</category>
<guid isPermaLink="true">http://forums.academy.telerik.com/172400/%D0%B4%D0%B0%D1%82%D0%B0-%D1%87%D0%B0%D1%81-%D0%B8-%D0%BF%D1%80%D0%BE%D0%B4%D1%8A%D0%BB%D0%B6%D0%B8%D1%82%D0%B5%D0%BB%D0%BD%D0%BE%D1%81%D1%82-%D0%BD%D0%B0-%D0%B8%D0%B7%D0%BF%D0%B8%D1%82%D0%B0?show=172585#a172585</guid>
<pubDate>Sun, 07 Sep 2014 08:58:34 +0000</pubDate>
</item>
<item>
<title>Answered: [Databases] Processing JSON in .NET</title>
<link>http://forums.academy.telerik.com/172536/databases-processing-json-in-net?show=172583#a172583</link>
<description>&lt;p&gt;
	&lt;a rel=&quot;nofollow&quot; href=&quot;https://github.com/wnvko/TelerikAcademy/tree/master/SoftwareTechnoligies/DataBases/16.%20Processing%20JSON%20in%20.NET/JSONto.NET&quot;&gt;Ето&lt;/a&gt; и моето решение. Много приятна задача, която завършва с реален резултат в браузъра, което много ми хареса.&lt;/p&gt;
&lt;p&gt;
	Като цяло в началото ми беше малко трудно докато свикна с интерфейса, но след това нещата се наредиха. Самото решение ми е отделено в няколоко метода всеки от които решава по една задача от условието.&lt;/p&gt;</description>
<category>Databases</category>
<guid isPermaLink="true">http://forums.academy.telerik.com/172536/databases-processing-json-in-net?show=172583#a172583</guid>
<pubDate>Sun, 07 Sep 2014 06:59:53 +0000</pubDate>
</item>
<item>
<title>Answered: [Database] MongoDb Repository pattern and Unit of Work</title>
<link>http://forums.academy.telerik.com/172546/database-mongodb-repository-pattern-and-unit-of-work?show=172566#a172566</link>
<description>Колега, браво за труда, само искам да отбележа, че на изпита в понеделник няма да има MongoDB, Иво го каза на лекцията за подготовка в петък, за тези които още не са разбрали.&lt;br /&gt;
&lt;br /&gt;
Успех!</description>
<category>Databases</category>
<guid isPermaLink="true">http://forums.academy.telerik.com/172546/database-mongodb-repository-pattern-and-unit-of-work?show=172566#a172566</guid>
<pubDate>Sat, 06 Sep 2014 19:17:32 +0000</pubDate>
</item>
<item>
<title>Запитване за програма - Есен 2014</title>
<link>http://forums.academy.telerik.com/172564/%D0%B7%D0%B0%D0%BF%D0%B8%D1%82%D0%B2%D0%B0%D0%BD%D0%B5-%D0%B7%D0%B0-%D0%BF%D1%80%D0%BE%D0%B3%D1%80%D0%B0%D0%BC%D0%B0-%D0%B5%D1%81%D0%B5%D0%BD-2014</link>
<description>Здравейте,&lt;br /&gt;
&lt;br /&gt;
интересувам се от кога започват курсовете за ученици от гимназиален етап и готова ли е програмата за 2014/2015 година?</description>
<category>Училищна софтуерна академия</category>
<guid isPermaLink="true">http://forums.academy.telerik.com/172564/%D0%B7%D0%B0%D0%BF%D0%B8%D1%82%D0%B2%D0%B0%D0%BD%D0%B5-%D0%B7%D0%B0-%D0%BF%D1%80%D0%BE%D0%B3%D1%80%D0%B0%D0%BC%D0%B0-%D0%B5%D1%81%D0%B5%D0%BD-2014</guid>
<pubDate>Sat, 06 Sep 2014 18:55:27 +0000</pubDate>
</item>
<item>
<title>Answered: Бисери от лекторите</title>
<link>http://forums.academy.telerik.com/58745/%D0%B1%D0%B8%D1%81%D0%B5%D1%80%D0%B8-%D0%BE%D1%82-%D0%BB%D0%B5%D0%BA%D1%82%D0%BE%D1%80%D0%B8%D1%82%D0%B5?show=172539#a172539</link>
<description>&lt;p&gt;
	&lt;a rel=&quot;nofollow&quot; href=&quot;https://www.youtube.com/watch?v=0Ek35kh64PU&amp;amp;list=PLF4lVL1sPDSm0txEo0W2ugLjDzpaaoJDb#t=3540&quot;&gt;https://www.youtube.com/watch?v=0Ek35kh64PU&amp;amp;list=PLF4lVL1sPDSm0txEo0W2ugLjDzpaaoJDb#t=3540&lt;/a&gt;&lt;/p&gt;
&lt;p&gt;
	Ето как Наков обяснява проблема &quot;Lost update&quot; в базите данни - EPIC xD&lt;/p&gt;</description>
<category>Общи приказки</category>
<guid isPermaLink="true">http://forums.academy.telerik.com/58745/%D0%B1%D0%B8%D1%81%D0%B5%D1%80%D0%B8-%D0%BE%D1%82-%D0%BB%D0%B5%D0%BA%D1%82%D0%BE%D1%80%D0%B8%D1%82%D0%B5?show=172539#a172539</guid>
<pubDate>Sat, 06 Sep 2014 12:18:18 +0000</pubDate>
</item>
<item>
<title>Answered: [DSA] Домашно Sorting and Searching Algorithms</title>
<link>http://forums.academy.telerik.com/98217/dsa-%D0%B4%D0%BE%D0%BC%D0%B0%D1%88%D0%BD%D0%BE-sorting-and-searching-algorithms?show=172533#a172533</link>
<description>&lt;div&gt;
	Аз си направих един клас да тествам performance на сортиращите алгоритми. Използва се много лесно:&lt;/div&gt;
&lt;div&gt;
	&amp;nbsp;&lt;/div&gt;
&lt;div&gt;
	&lt;div&gt;
		&lt;span style=&quot;font-family:courier new,courier,monospace;&quot;&gt;&lt;span style=&quot;color: rgb(0, 0, 0);&quot;&gt;PerformanceTester&lt;/span&gt;&lt;span class=&quot;sy0&quot; style=&quot;color: rgb(0, 128, 0);&quot;&gt;.&lt;/span&gt;&lt;span class=&quot;me1&quot; style=&quot;color: rgb(0, 0, 255);&quot;&gt;Test&lt;/span&gt;&lt;span class=&quot;br0&quot; style=&quot;color: rgb(0, 128, 0);&quot;&gt;(&lt;/span&gt;&lt;/span&gt;&lt;/div&gt;
	&lt;div&gt;
		&lt;span style=&quot;font-family:courier new,courier,monospace;&quot;&gt;&lt;span class=&quot;kw3&quot; style=&quot;color: rgb(0, 128, 0);&quot;&gt;&lt;span style=&quot;color: rgb(0, 0, 0);&quot;&gt;&amp;nbsp; &amp;nbsp;&amp;nbsp;&lt;/span&gt;new&lt;/span&gt;&lt;span style=&quot;color: rgb(0, 0, 0);&quot;&gt;&amp;nbsp;SelectionSorter&lt;/span&gt;&lt;span class=&quot;sy0&quot; style=&quot;color: rgb(0, 128, 0);&quot;&gt;&amp;lt;&lt;/span&gt;&lt;span class=&quot;kw4&quot; style=&quot;color: rgb(102, 102, 204); font-weight: bold;&quot;&gt;int&lt;/span&gt;&lt;span class=&quot;sy0&quot; style=&quot;color: rgb(0, 128, 0);&quot;&gt;&amp;gt;&lt;/span&gt;&lt;span class=&quot;br0&quot; style=&quot;color: rgb(0, 128, 0);&quot;&gt;(&lt;/span&gt;&lt;span class=&quot;br0&quot; style=&quot;color: rgb(0, 128, 0);&quot;&gt;)&lt;/span&gt;&lt;span style=&quot;color: rgb(0, 0, 0);&quot;&gt;,&lt;/span&gt;&lt;/span&gt;&lt;/div&gt;
	&lt;div&gt;
		&lt;span style=&quot;font-family:courier new,courier,monospace;&quot;&gt;&lt;span style=&quot;color: rgb(0, 0, 0);&quot;&gt;&amp;nbsp; &amp;nbsp;&amp;nbsp;&lt;/span&gt;&lt;span class=&quot;kw3&quot; style=&quot;color: rgb(0, 128, 0);&quot;&gt;new&lt;/span&gt;&lt;span style=&quot;color: rgb(0, 0, 0);&quot;&gt;&amp;nbsp;QuickSorter&lt;/span&gt;&lt;span class=&quot;sy0&quot; style=&quot;color: rgb(0, 128, 0);&quot;&gt;&amp;lt;&lt;/span&gt;&lt;span class=&quot;kw4&quot; style=&quot;color: rgb(102, 102, 204); font-weight: bold;&quot;&gt;int&lt;/span&gt;&lt;span class=&quot;sy0&quot; style=&quot;color: rgb(0, 128, 0);&quot;&gt;&amp;gt;&lt;/span&gt;&lt;span class=&quot;br0&quot; style=&quot;color: rgb(0, 128, 0);&quot;&gt;(&lt;/span&gt;&lt;span class=&quot;br0&quot; style=&quot;color: rgb(0, 128, 0);&quot;&gt;)&lt;/span&gt;&lt;span style=&quot;color: rgb(0, 0, 0);&quot;&gt;,&lt;/span&gt;&lt;/span&gt;&lt;/div&gt;
	&lt;div&gt;
		&lt;span style=&quot;font-family:courier new,courier,monospace;&quot;&gt;&lt;span style=&quot;color: rgb(0, 0, 0);&quot;&gt;&amp;nbsp; &amp;nbsp;&amp;nbsp;&lt;/span&gt;&lt;span class=&quot;kw3&quot; style=&quot;color: rgb(0, 128, 0);&quot;&gt;new&lt;/span&gt;&lt;span style=&quot;color: rgb(0, 0, 0);&quot;&gt;&amp;nbsp;MergeSorter&lt;/span&gt;&lt;span class=&quot;sy0&quot; style=&quot;color: rgb(0, 128, 0);&quot;&gt;&amp;lt;&lt;/span&gt;&lt;span class=&quot;kw4&quot; style=&quot;color: rgb(102, 102, 204); font-weight: bold;&quot;&gt;int&lt;/span&gt;&lt;span class=&quot;sy0&quot; style=&quot;color: rgb(0, 128, 0);&quot;&gt;&amp;gt;&lt;/span&gt;&lt;span class=&quot;br0&quot; style=&quot;color: rgb(0, 128, 0);&quot;&gt;(&lt;/span&gt;&lt;span class=&quot;br0&quot; style=&quot;color: rgb(0, 128, 0);&quot;&gt;)&lt;/span&gt;&lt;span class=&quot;br0&quot; style=&quot;color: rgb(0, 128, 0);&quot;&gt;)&lt;/span&gt;&lt;span class=&quot;sy0&quot; style=&quot;color: rgb(0, 128, 0);&quot;&gt;;&lt;/span&gt;&lt;/span&gt;&lt;/div&gt;
&lt;/div&gt;
&lt;div&gt;
	&amp;nbsp;&lt;/div&gt;
&lt;div&gt;
	Тества всеки ISorter с колекция от 10,000 случайни числа. Ето резултат от теста:&lt;/div&gt;
&lt;div&gt;
	&amp;nbsp;&lt;/div&gt;
&lt;div&gt;
	&lt;span style=&quot;font-family:courier new,courier,monospace;&quot;&gt;SelectionSorter: &amp;nbsp;792.90ms&lt;/span&gt;&lt;/div&gt;
&lt;div&gt;
	&lt;span style=&quot;font-family:courier new,courier,monospace;&quot;&gt;QuickSorter &amp;nbsp; &amp;nbsp;: &amp;nbsp; &amp;nbsp;2.30ms&lt;/span&gt;&lt;/div&gt;
&lt;div&gt;
	&lt;span style=&quot;font-family:courier new,courier,monospace;&quot;&gt;MergeSorter &amp;nbsp; &amp;nbsp;: &amp;nbsp; &amp;nbsp;3.60ms&lt;/span&gt;&lt;/div&gt;
&lt;div&gt;
	&amp;nbsp;&lt;/div&gt;
&lt;div&gt;
	&amp;nbsp;&lt;/div&gt;
&lt;div&gt;
	&lt;a href=&quot;https://github.com/neutrino-git/TelerikAcademy/blob/master/Programming/05.DataStructuresAndAlgorithms/08.Sorting-and-Seraching-Algorithms/Sorting.Demo/PerformanceTester.cs&quot; rel=&quot;nofollow&quot;&gt;PerformanceTester&lt;/a&gt;&lt;/div&gt;</description>
<category>Data Structures &amp; Algorithms</category>
<guid isPermaLink="true">http://forums.academy.telerik.com/98217/dsa-%D0%B4%D0%BE%D0%BC%D0%B0%D1%88%D0%BD%D0%BE-sorting-and-searching-algorithms?show=172533#a172533</guid>
<pubDate>Sat, 06 Sep 2014 10:58:53 +0000</pubDate>
</item>
<item>
<title>Answered: [Databases] Домашно Processing XML in .NET</title>
<link>http://forums.academy.telerik.com/109854/databases-%D0%B4%D0%BE%D0%BC%D0%B0%D1%88%D0%BD%D0%BE-processing-xml-in-net?show=172532#a172532</link>
<description>&lt;p&gt;
	Ако някой има нужда от още едно hint-че, може да погледне и &lt;span style=&quot;font-size:14px;&quot;&gt;&lt;strong&gt;&lt;a rel=&quot;nofollow&quot; href=&quot;http://github.com/Daniel-Todorov/Telerik-Academy/tree/master/Databases/14.%20XmlParsers&quot; target=&quot;_blank&quot;&gt;тук&lt;/a&gt;&amp;nbsp;&lt;/strong&gt;&lt;/span&gt;- всички задачи без тази с звездичка.&lt;/p&gt;</description>
<category>Databases</category>
<guid isPermaLink="true">http://forums.academy.telerik.com/109854/databases-%D0%B4%D0%BE%D0%BC%D0%B0%D1%88%D0%BD%D0%BE-processing-xml-in-net?show=172532#a172532</guid>
<pubDate>Sat, 06 Sep 2014 10:56:04 +0000</pubDate>
</item>
<item>
<title>Answered: [Databases] MongoDB with .NET: Chat client (CrowdChat)</title>
<link>http://forums.academy.telerik.com/172244/databases-mongodb-with-net-chat-client-crowdchat?show=172523#a172523</link>
<description>Тази задача се реализира по-правилно с webservice който да кисне между различните инстанции на WPF програмата и базата данни.&lt;br /&gt;
&lt;br /&gt;
Така няма нужда WPF клиента да пита постоянно: има ли ново съобщение, има ли ново съобщение, има ли ново съобщение, има ли ново съобщение, има ли ново съобщение, има ли ново съобщение&lt;br /&gt;
&lt;br /&gt;
Досадно е. Представете си, че вас постоянно ви питат едно и също нещо. ( Дончо знае :) ) Няма ли да е по-добре ако вие си кажете като имате ново съобщение вместо постоянно да ви питат X на брой хора ( инстанции на WPF клиента )&lt;br /&gt;
&lt;br /&gt;
За целта се ползва някаква notification система като pubnub, parse, signalR. Клиента праща съобщение до сървъра. Той го записва в базата. Нотифицира останалите свързани в момента инстанции на WPF програмата че има нова информация. Директно може да им я прати в този случай. Те като получат новото съобщение си го изписват на екрана.&lt;br /&gt;
&lt;br /&gt;
Тук има няколко предимства.&lt;br /&gt;
&lt;br /&gt;
1. Не си отваряте базата данни за достъп до всеки, защото минава през webservice връзката с нея.&lt;br /&gt;
&lt;br /&gt;
2. Може да си ползвате програмата от всякъде. При затворена база данни трябwа да се около нея. Този проблем при mongolab и cloud бази го няма, но не винаги така стоят нещата.&lt;br /&gt;
&lt;br /&gt;
3. Може да кеширате данни на webservicа за да не се допитвате до базата за едно и също нещо. Примерно нов клиент на програмата ако се свърже може от кеша да му се дадът старите съобщения, а не да се вземат от базата.&lt;br /&gt;
&lt;br /&gt;
4. Не се товари постоянно мрежата с трафик да питате едно и също.&lt;br /&gt;
&lt;br /&gt;
5. Не товарите излишно сървъра Дончо да отговаря постоянно на всички инстанции, че не е проверил още изпитите :)&lt;br /&gt;
&lt;br /&gt;
6. Може да се направят на други езици и платформи клиенти които да работят през същия webservice&lt;br /&gt;
&lt;br /&gt;
Та за да Ви е по-интересно като минете webservice курса може да си разширите програмата. Pubnub се ползва с няколко реда код.</description>
<category>Databases</category>
<guid isPermaLink="true">http://forums.academy.telerik.com/172244/databases-mongodb-with-net-chat-client-crowdchat?show=172523#a172523</guid>
<pubDate>Sat, 06 Sep 2014 08:44:08 +0000</pubDate>
</item>
<item>
<title>Prosodyim сървър</title>
<link>http://forums.academy.telerik.com/172489/prosodyim-%D1%81%D1%8A%D1%80%D0%B2%D1%8A%D1%80</link>
<description>&lt;p&gt;
	Здравейте. Тъй като сървърната страна не ми е много ясна ще питам, а вие ще ми се смеете евентуално :) Опитвам се да подкарам Prosodyim на windows. Правя някаква конфигурация за локално ползване. Сега въпросът ми е как мога да изпълня някой js файл. Примерно както мога да го изпълня с nodejs.От къде да дам заявка към сървъра. По друг начин казано къде, в коя директория, какъв URL, как да видя някой файл, къде трябва да ги съхранявам. Извинявам се за глупавия въпрос, но нещо ми се губи сериозно. Навсякъде където гледах пише сървър за 1 минута, много лесно, но аз не мога да се ориентирам. Дано въпроса ми е ясен&lt;img alt=&quot;blush&quot; height=&quot;20&quot; src=&quot;http://forums.academy.telerik.com/qa-plugin/wysiwyg-editor/plugins/smiley/images/embaressed_smile.gif&quot; title=&quot;blush&quot; width=&quot;20&quot;&gt;&lt;/p&gt;</description>
<category>Web services and cloud</category>
<guid isPermaLink="true">http://forums.academy.telerik.com/172489/prosodyim-%D1%81%D1%8A%D1%80%D0%B2%D1%8A%D1%80</guid>
<pubDate>Fri, 05 Sep 2014 21:20:26 +0000</pubDate>
</item>
<item>
<title>Answered: [Database] Ще има ли задължителни парсъри на изпита ?</title>
<link>http://forums.academy.telerik.com/172486/database-%D1%89%D0%B5-%D0%B8%D0%BC%D0%B0-%D0%BB%D0%B8-%D0%B7%D0%B0%D0%B4%D1%8A%D0%BB%D0%B6%D0%B8%D1%82%D0%B5%D0%BB%D0%BD%D0%B8-%D0%BF%D0%B0%D1%80%D1%81%D1%8A%D1%80%D0%B8-%D0%BD%D0%B0-%D0%B8%D0%B7%D0%BF%D0%B8%D1%82%D0%B0?show=172488#a172488</link>
<description>Днес на подготовката за изпита Ивайло каза, че няма никакви изисквания за ползването на каквито и да е XML парсери, като добави, че не е изключено и да имаме обработка на JSON обекти. :)</description>
<category>Databases</category>
<guid isPermaLink="true">http://forums.academy.telerik.com/172486/database-%D1%89%D0%B5-%D0%B8%D0%BC%D0%B0-%D0%BB%D0%B8-%D0%B7%D0%B0%D0%B4%D1%8A%D0%BB%D0%B6%D0%B8%D1%82%D0%B5%D0%BB%D0%BD%D0%B8-%D0%BF%D0%B0%D1%80%D1%81%D1%8A%D1%80%D0%B8-%D0%BD%D0%B0-%D0%B8%D0%B7%D0%BF%D0%B8%D1%82%D0%B0?show=172488#a172488</guid>
<pubDate>Fri, 05 Sep 2014 21:13:22 +0000</pubDate>
</item>
<item>
<title>Answered: Генератор на фалшиви обекти за тестване</title>
<link>http://forums.academy.telerik.com/172442/%D0%B3%D0%B5%D0%BD%D0%B5%D1%80%D0%B0%D1%82%D0%BE%D1%80-%D0%BD%D0%B0-%D1%84%D0%B0%D0%BB%D1%88%D0%B8%D0%B2%D0%B8-%D0%BE%D0%B1%D0%B5%D0%BA%D1%82%D0%B8-%D0%B7%D0%B0-%D1%82%D0%B5%D1%81%D1%82%D0%B2%D0%B0%D0%BD%D0%B5?show=172482#a172482</link>
<description>&lt;p&gt;
	&lt;span style=&quot;color: rgb(0, 0, 0); font-family: arial, sans-serif; font-size: 13.333333015441895px; line-height: 16.399999618530273px;&quot;&gt;&lt;a href=&quot;http://code.google.com/p/csvtest/&quot; rel=&quot;nofollow&quot;&gt;CSVTest&lt;/a&gt; is a test data generator which produces CSV data suitable for use in relational database applications.&lt;/span&gt;&lt;/p&gt;
&lt;p&gt;
	&lt;span style=&quot;color: rgb(0, 0, 0); font-family: arial, sans-serif; font-size: 13.333333015441895px; line-height: 16.399999618530273px;&quot;&gt;Ако ви трябва и фалшива база данни :)&lt;/span&gt;&lt;/p&gt;</description>
<category>Предложения</category>
<guid isPermaLink="true">http://forums.academy.telerik.com/172442/%D0%B3%D0%B5%D0%BD%D0%B5%D1%80%D0%B0%D1%82%D0%BE%D1%80-%D0%BD%D0%B0-%D1%84%D0%B0%D0%BB%D1%88%D0%B8%D0%B2%D0%B8-%D0%BE%D0%B1%D0%B5%D0%BA%D1%82%D0%B8-%D0%B7%D0%B0-%D1%82%D0%B5%D1%81%D1%82%D0%B2%D0%B0%D0%BD%D0%B5?show=172482#a172482</guid>
<pubDate>Fri, 05 Sep 2014 20:15:07 +0000</pubDate>
</item>
<item>
<title>Answered: Unique constraint за not null values</title>
<link>http://forums.academy.telerik.com/172463/unique-constraint-%D0%B7%D0%B0-not-null-values?show=172479#a172479</link>
<description>&lt;p&gt;
	&lt;span style=&quot;color: rgb(51, 51, 51); font-family: Verdana, Arial, Helvetica, sans-serif; font-size: 11.8181819915771px;&quot;&gt;Здравей, мисля, че говориш за филтриран индекс от типа ([ISBN] IS NOT NULL) - виж &lt;a href=&quot;http://www.mssqltips.com/sqlservertip/3096/sql-server-index-properties-in-management-studio/.&quot; rel=&quot;nofollow&quot;&gt;тук&lt;/a&gt; как става с Management Studio.&lt;/span&gt;&lt;span style=&quot;color: rgb(51, 51, 51); font-family: Verdana, Arial, Helvetica, sans-serif; font-size: 11.8181819915771px;&quot;&gt;&amp;nbsp;&lt;/span&gt;&lt;br style=&quot;color: rgb(51, 51, 51); font-family: Verdana, Arial, Helvetica, sans-serif; font-size: 11.8181819915771px;&quot;&gt;
	&lt;span style=&quot;color: rgb(51, 51, 51); font-family: Verdana, Arial, Helvetica, sans-serif; font-size: 11.8181819915771px;&quot;&gt;Не съм търсил как се прави с Code First (по-точно с Data Annotations)&lt;/span&gt;&lt;br style=&quot;color: rgb(51, 51, 51); font-family: Verdana, Arial, Helvetica, sans-serif; font-size: 11.8181819915771px;&quot;&gt;
	&lt;span style=&quot;color: rgb(51, 51, 51); font-family: Verdana, Arial, Helvetica, sans-serif; font-size: 11.8181819915771px;&quot;&gt;Може ли само да ми цитираш кое от примерната изпитна тема тълкуваш като такова изискване?&lt;/span&gt;&lt;/p&gt;</description>
<category>Databases</category>
<guid isPermaLink="true">http://forums.academy.telerik.com/172463/unique-constraint-%D0%B7%D0%B0-not-null-values?show=172479#a172479</guid>
<pubDate>Fri, 05 Sep 2014 19:59:58 +0000</pubDate>
</item>
<item>
<title>Answered: Ползване на SQL Express / SQL Server на изпита</title>
<link>http://forums.academy.telerik.com/172468/%D0%BF%D0%BE%D0%BB%D0%B7%D0%B2%D0%B0%D0%BD%D0%B5-%D0%BD%D0%B0-sql-express-sql-server-%D0%BD%D0%B0-%D0%B8%D0%B7%D0%BF%D0%B8%D1%82%D0%B0?show=172471#a172471</link>
<description>&lt;p&gt;
	От бъдещите програмисти ще се очаква поне малко да могат да мислят и да могат да си сменят connection stringa. Ако това елементарно нещо някой не може то за какви сертификати се бори и за каква работа в IT индустрията?&lt;/p&gt;
&lt;p&gt;
	Все пак проверката е нож в 2 остриета. Би трябвало да се оцени и знанието/незнанието на проверяващия до колко може да смени един connection string.&lt;/p&gt;
&lt;p&gt;
	public class ApplicationDbContext : DbContext&lt;/p&gt;
&lt;div&gt;
	&amp;nbsp; &amp;nbsp; {&lt;/div&gt;
&lt;div&gt;
	&amp;nbsp; &amp;nbsp; &amp;nbsp; &amp;nbsp; private static string _connection;&lt;/div&gt;
&lt;div&gt;
	&amp;nbsp;&lt;/div&gt;
&lt;div&gt;
	&amp;nbsp; &amp;nbsp; &amp;nbsp; &amp;nbsp; public ApplicationDbContext()&lt;/div&gt;
&lt;div&gt;
	&amp;nbsp; &amp;nbsp; &amp;nbsp; &amp;nbsp; &amp;nbsp; &amp;nbsp; : base(_connection ?? &quot;appContext&quot;)&lt;/div&gt;
&lt;div&gt;
	&amp;nbsp; &amp;nbsp; &amp;nbsp; &amp;nbsp; {&lt;/div&gt;
&lt;div&gt;
	&amp;nbsp; &amp;nbsp; &amp;nbsp; &amp;nbsp; &amp;nbsp; &amp;nbsp; Database.SetInitializer(new MigrateDatabaseToLatestVersion&amp;lt;ApplicationDbContext, Migrations.Configuration&amp;gt;());&lt;/div&gt;
&lt;div&gt;
	&amp;nbsp; &amp;nbsp; &amp;nbsp; &amp;nbsp; }&lt;/div&gt;
&lt;div&gt;
	&amp;nbsp;&lt;/div&gt;
&lt;div&gt;
	&amp;nbsp; &amp;nbsp; &amp;nbsp; &amp;nbsp; public ApplicationDbContext(string connection)&lt;/div&gt;
&lt;div&gt;
	&amp;nbsp; &amp;nbsp; &amp;nbsp; &amp;nbsp; &amp;nbsp; &amp;nbsp; : base(connection)&lt;/div&gt;
&lt;div&gt;
	&amp;nbsp; &amp;nbsp; &amp;nbsp; &amp;nbsp; {&lt;/div&gt;
&lt;div&gt;
	&amp;nbsp; &amp;nbsp; &amp;nbsp; &amp;nbsp; &amp;nbsp; &amp;nbsp; _connection = connection;&lt;/div&gt;
&lt;div&gt;
	&amp;nbsp; &amp;nbsp; &amp;nbsp; &amp;nbsp; &amp;nbsp; &amp;nbsp; Database.SetInitializer(new MigrateDatabaseToLatestVersion&amp;lt;ApplicationDbContext, Migrations.Configuration&amp;gt;());&lt;/div&gt;
&lt;div&gt;
	&amp;nbsp; &amp;nbsp; &amp;nbsp; &amp;nbsp; }&lt;/div&gt;
&lt;div&gt;
	}&lt;/div&gt;
&lt;div&gt;
	&amp;nbsp;&lt;/div&gt;
&lt;div&gt;
	var Context = new ApplicationDbContext([userchoice]);&lt;/div&gt;
&lt;div&gt;
	&amp;nbsp;&lt;/div&gt;
&lt;div&gt;
	Репозирай си го :)&lt;/div&gt;</description>
<category>Databases</category>
<guid isPermaLink="true">http://forums.academy.telerik.com/172468/%D0%BF%D0%BE%D0%BB%D0%B7%D0%B2%D0%B0%D0%BD%D0%B5-%D0%BD%D0%B0-sql-express-sql-server-%D0%BD%D0%B0-%D0%B8%D0%B7%D0%BF%D0%B8%D1%82%D0%B0?show=172471#a172471</guid>
<pubDate>Fri, 05 Sep 2014 18:55:25 +0000</pubDate>
</item>
<item>
<title>Answered: [DSA] Домашно Recursion - 12 Задача</title>
<link>http://forums.academy.telerik.com/100218/dsa-%D0%B4%D0%BE%D0%BC%D0%B0%D1%88%D0%BD%D0%BE-recursion-12-%D0%B7%D0%B0%D0%B4%D0%B0%D1%87%D0%B0?show=172470#a172470</link>
<description>&lt;p style=&quot;text-align: justify;&quot;&gt;
	Ето едно решение на 30 реда:&amp;nbsp;&lt;a href=&quot;https://github.com/neutrino-git/TelerikAcademy/blob/master/Programming/05.DataStructuresAndAlgorithms/07.Recursion/12.EightQueensPuzzleShort/EightQueensPuzzleShort.cs&quot; rel=&quot;nofollow&quot;&gt;Source&lt;/a&gt;&lt;/p&gt;
&lt;p style=&quot;text-align: justify;&quot;&gt;
	Намерих начин да отбелязвам кои диагонали са заети в bool масив с 32 елемента - точно толкова колкото са всички диагонали на дъската. Единия диагонал се маркира еднозначно с разликата между реда и колоната, а другия - със сумата. Т.е. ако една фигура е на позиция (2,3), това значи, че всяка друга фигура, за която сумата от нейните ред и колона е 5, или разликата е -1, лежи на един диагонал с първата фигура. Решението работи за произволно N.&lt;/p&gt;</description>
<category>Data Structures &amp; Algorithms</category>
<guid isPermaLink="true">http://forums.academy.telerik.com/100218/dsa-%D0%B4%D0%BE%D0%BC%D0%B0%D1%88%D0%BD%D0%BE-recursion-12-%D0%B7%D0%B0%D0%B4%D0%B0%D1%87%D0%B0?show=172470#a172470</guid>
<pubDate>Fri, 05 Sep 2014 18:52:55 +0000</pubDate>
</item>
<item>
<title>Answered: [DSA] Домашно Recursion - 10 Задача</title>
<link>http://forums.academy.telerik.com/100119/dsa-%D0%B4%D0%BE%D0%BC%D0%B0%D1%88%D0%BD%D0%BE-recursion-10-%D0%B7%D0%B0%D0%B4%D0%B0%D1%87%D0%B0?show=172467#a172467</link>
<description>&lt;div style=&quot;text-align: justify;&quot;&gt;
	Тук реших да отпечатам отговора по-визуално :) Ако на някой му е интересно, метода е DrawArea() - подава се стек с координатите (row, col) на празните клетки и реда от екрана, от който да започне изчертаването.&lt;/div&gt;
&lt;div&gt;
	&amp;nbsp;&lt;/div&gt;
&lt;div&gt;
	&lt;img alt=&quot;&quot; src=&quot;http://forums.academy.telerik.com/?qa=blob&amp;amp;qa_blobid=5174046343483687062&quot; style=&quot;width: 291px; height: 276px;&quot;&gt;&lt;/div&gt;
&lt;div&gt;
	&amp;nbsp;&lt;/div&gt;
&lt;div&gt;
	&lt;a href=&quot;https://github.com/neutrino-git/TelerikAcademy/blob/master/Programming/05.DataStructuresAndAlgorithms/07.Recursion/10.AllAreasOfPassableCells/AllAreasOfPassableCells.cs&quot; rel=&quot;nofollow&quot;&gt;Source&lt;/a&gt;&lt;/div&gt;</description>
<category>Data Structures &amp; Algorithms</category>
<guid isPermaLink="true">http://forums.academy.telerik.com/100119/dsa-%D0%B4%D0%BE%D0%BC%D0%B0%D1%88%D0%BD%D0%BE-recursion-10-%D0%B7%D0%B0%D0%B4%D0%B0%D1%87%D0%B0?show=172467#a172467</guid>
<pubDate>Fri, 05 Sep 2014 18:13:44 +0000</pubDate>
</item>
<item>
<title>Answered: [DSA] Домашно Recursion - 9 Задача</title>
<link>http://forums.academy.telerik.com/100007/dsa-%D0%B4%D0%BE%D0%BC%D0%B0%D1%88%D0%BD%D0%BE-recursion-9-%D0%B7%D0%B0%D0%B4%D0%B0%D1%87%D0%B0?show=172464#a172464</link>
<description>&lt;div&gt;
	Тук линейно минавам през всички клетки, докато срещна празна клетка. От там пускам рекурсивно обхождане в дълбочина, като броя всяка клетка, през която минавам, и я отбелязвам като посетена. Като приключи, рекурсивната функция връща броя свързани клетки, които сравнявам с най-големия брой до момента. След това продължавам да търся друга празна клетка, която не е маркирана като посетена. Ако е маркирана, това значи, че е част от вече обработена площ от свързани клетки. Ето примерен тест:&lt;/div&gt;
&lt;div&gt;
	&amp;nbsp;&lt;/div&gt;
&lt;div&gt;
	&lt;span style=&quot;font-family:courier new,courier,monospace;&quot;&gt;var matrix = new[]&amp;nbsp;&lt;/span&gt;&lt;/div&gt;
&lt;div&gt;
	&lt;span style=&quot;font-family:courier new,courier,monospace;&quot;&gt;{&lt;/span&gt;&lt;/div&gt;
&lt;div&gt;
	&lt;span style=&quot;font-family:courier new,courier,monospace;&quot;&gt;&amp;nbsp; &amp;nbsp; &quot;##################&quot;,&lt;/span&gt;&lt;/div&gt;
&lt;div&gt;
	&lt;span style=&quot;font-family:courier new,courier,monospace;&quot;&gt;&amp;nbsp; &amp;nbsp; &quot;#.##.##.##...##..#&quot;,&lt;/span&gt;&lt;/div&gt;
&lt;div&gt;
	&lt;span style=&quot;font-family:courier new,courier,monospace;&quot;&gt;&amp;nbsp; &amp;nbsp; &quot;####.##.##.#.##..#&quot;,&lt;/span&gt;&lt;/div&gt;
&lt;div&gt;
	&lt;span style=&quot;font-family:courier new,courier,monospace;&quot;&gt;&amp;nbsp; &amp;nbsp; &quot;#######.##...#####&quot;,&lt;/span&gt;&lt;/div&gt;
&lt;div&gt;
	&lt;span style=&quot;font-family:courier new,courier,monospace;&quot;&gt;&amp;nbsp; &amp;nbsp; &quot;##################&quot;,&lt;/span&gt;&lt;/div&gt;
&lt;div&gt;
	&lt;span style=&quot;font-family:courier new,courier,monospace;&quot;&gt;};&lt;/span&gt;&lt;/div&gt;
&lt;div&gt;
	&amp;nbsp;&lt;/div&gt;
&lt;div&gt;
	&lt;a href=&quot;https://github.com/neutrino-git/TelerikAcademy/blob/master/Programming/05.DataStructuresAndAlgorithms/07.Recursion/09.LargestConnectedArea/LargestConnectedArea.cs&quot; rel=&quot;nofollow&quot;&gt;Решение&lt;/a&gt;&lt;/div&gt;
&lt;div&gt;
	&amp;nbsp;&lt;/div&gt;
&lt;div&gt;
	&amp;nbsp;&lt;/div&gt;</description>
<category>Data Structures &amp; Algorithms</category>
<guid isPermaLink="true">http://forums.academy.telerik.com/100007/dsa-%D0%B4%D0%BE%D0%BC%D0%B0%D1%88%D0%BD%D0%BE-recursion-9-%D0%B7%D0%B0%D0%B4%D0%B0%D1%87%D0%B0?show=172464#a172464</guid>
<pubDate>Fri, 05 Sep 2014 17:53:58 +0000</pubDate>
</item>
<item>
<title>Answered: [DSA] Домашно Recursion - 7 Задача</title>
<link>http://forums.academy.telerik.com/100128/dsa-%D0%B4%D0%BE%D0%BC%D0%B0%D1%88%D0%BD%D0%BE-recursion-7-%D0%B7%D0%B0%D0%B4%D0%B0%D1%87%D0%B0?show=172461#a172461</link>
<description>&lt;div style=&quot;text-align: justify;&quot;&gt;
	Аз допускам, без ограничения на общността, че търся пътища между горния-ляв и долния-десен ъгъл на матрицата. След това обхождам матрицата в дълбочина започвайки от началната клетка, в четирите възможни посоки. Ако попадна на крайната клетка - отпечатвам пътя, който пазя в стек. При всяко влизане в клетка я отбелязвам като посетена и я слагам в стека, а като приключа обхождането от нея във всички посоки, отбелязвам че е свободна и я изваждам от стека. Така давам възможност и друг път да мине от там.&lt;/div&gt;
&lt;div style=&quot;text-align: justify;&quot;&gt;
	&amp;nbsp;&lt;/div&gt;
&lt;div style=&quot;text-align: justify;&quot;&gt;
	&lt;a href=&quot;https://github.com/neutrino-git/TelerikAcademy/blob/master/Programming/05.DataStructuresAndAlgorithms/07.Recursion/07.AllPathsInLabyrinth/AllPathsInLabyrinth.cs&quot; rel=&quot;nofollow&quot;&gt;Решение&lt;/a&gt;&lt;/div&gt;</description>
<category>Data Structures &amp; Algorithms</category>
<guid isPermaLink="true">http://forums.academy.telerik.com/100128/dsa-%D0%B4%D0%BE%D0%BC%D0%B0%D1%88%D0%BD%D0%BE-recursion-7-%D0%B7%D0%B0%D0%B4%D0%B0%D1%87%D0%B0?show=172461#a172461</guid>
<pubDate>Fri, 05 Sep 2014 17:36:46 +0000</pubDate>
</item>
<item>
<title>Answered: [DSA] Домашно Recursion - 6 Задача</title>
<link>http://forums.academy.telerik.com/100121/dsa-%D0%B4%D0%BE%D0%BC%D0%B0%D1%88%D0%BD%D0%BE-recursion-6-%D0%B7%D0%B0%D0%B4%D0%B0%D1%87%D0%B0?show=172459#a172459</link>
<description>&lt;div&gt;
	Аз я направих с { &quot;&lt;strong&gt;rock&lt;/strong&gt;&quot;, &quot;&lt;strong&gt;paper&lt;/strong&gt;&quot;, &quot;&lt;strong&gt;scissors&lt;/strong&gt;&quot;, &quot;&lt;strong&gt;lizard&lt;/strong&gt;&quot;, &quot;&lt;strong&gt;Spock&lt;/strong&gt;&quot; }. Ето го резултата:&lt;/div&gt;
&lt;div&gt;
	&amp;nbsp;&lt;/div&gt;
&lt;div&gt;
	(rock paper)&lt;/div&gt;
&lt;div&gt;
	(rock scissors)&lt;/div&gt;
&lt;div&gt;
	(rock lizard)&lt;/div&gt;
&lt;div&gt;
	(rock Spock)&lt;/div&gt;
&lt;div&gt;
	(paper scissors)&lt;/div&gt;
&lt;div&gt;
	(paper lizard)&lt;/div&gt;
&lt;div&gt;
	(paper Spock)&lt;/div&gt;
&lt;div&gt;
	(scissors lizard)&lt;/div&gt;
&lt;div&gt;
	(scissors Spock)&lt;/div&gt;
&lt;div&gt;
	(lizard Spock)&lt;/div&gt;
&lt;div&gt;
	&amp;nbsp;&lt;/div&gt;
&lt;div&gt;
	&lt;a href=&quot;https://github.com/neutrino-git/TelerikAcademy/blob/master/Programming/05.DataStructuresAndAlgorithms/07.Recursion/06.StringCombinations/StringCombinations.cs&quot; rel=&quot;nofollow&quot;&gt;Решение&lt;/a&gt;&lt;/div&gt;</description>
<category>Data Structures &amp; Algorithms</category>
<guid isPermaLink="true">http://forums.academy.telerik.com/100121/dsa-%D0%B4%D0%BE%D0%BC%D0%B0%D1%88%D0%BD%D0%BE-recursion-6-%D0%B7%D0%B0%D0%B4%D0%B0%D1%87%D0%B0?show=172459#a172459</guid>
<pubDate>Fri, 05 Sep 2014 17:22:44 +0000</pubDate>
</item>
<item>
<title>Answered: Съвети за разработчици (spoiler: хумор)</title>
<link>http://forums.academy.telerik.com/14123/%D1%81%D1%8A%D0%B2%D0%B5%D1%82%D0%B8-%D0%B7%D0%B0-%D1%80%D0%B0%D0%B7%D1%80%D0%B0%D0%B1%D0%BE%D1%82%D1%87%D0%B8%D1%86%D0%B8-spoiler-%D1%85%D1%83%D0%BC%D0%BE%D1%80?show=172457#a172457</link>
<description>&lt;p&gt;
	&lt;span style=&quot;color: rgb(20, 24, 35); font-family: Helvetica, Arial, 'lucida grande', tahoma, verdana, arial, sans-serif; font-size: 14px; line-height: 19.3199996948242px;&quot;&gt;Защо е сложно да се пише софтуер, обяснение за филолози:&lt;/span&gt;&lt;br style=&quot;color: rgb(20, 24, 35); font-family: Helvetica, Arial, 'lucida grande', tahoma, verdana, arial, sans-serif; font-size: 14px; line-height: 19.3199996948242px;&quot;&gt;
	&lt;span style=&quot;color: rgb(20, 24, 35); font-family: Helvetica, Arial, 'lucida grande', tahoma, verdana, arial, sans-serif; font-size: 14px; line-height: 19.3199996948242px;&quot;&gt;Представете си, че сте писател и поддържате проекта Война и Мир. По задание трябва да се напише нов епизод, в който Наташа Ростова се разхожда под дъжда в парка. Звучи просто - пишете &quot;заваля дъжд&quot;, запис. Програмата гърми с грешка &quot;Наташа Ростова умря&quot;. Започва се неколкодневно ровене - как е умряла, защо е умряла... Оказва се, че Пиер Безухов е бил в парка с обувки с гладка подметка, подхлъзнал се е в дъжда, изпуснал е пистолета си, пистолетът е гръмнал, куршумът е рикоширал в един стълб и е убил Наташа Ростова. Как може да се оправи това? Да смените обувките на Пиер Безухов? Да заредите пистолета с халостни патрони? Решавате да махнете стълба. Запис и нова грешка - &quot;Поручик Ржевски умря&quot;. Оказва се, че в следващата глава поручикът се обляга на стълба, който току що сте махнали&lt;/span&gt;&lt;/p&gt;</description>
<category>Общи приказки</category>
<guid isPermaLink="true">http://forums.academy.telerik.com/14123/%D1%81%D1%8A%D0%B2%D0%B5%D1%82%D0%B8-%D0%B7%D0%B0-%D1%80%D0%B0%D0%B7%D1%80%D0%B0%D0%B1%D0%BE%D1%82%D1%87%D0%B8%D1%86%D0%B8-spoiler-%D1%85%D1%83%D0%BC%D0%BE%D1%80?show=172457#a172457</guid>
<pubDate>Fri, 05 Sep 2014 16:58:05 +0000</pubDate>
</item>
<item>
<title>Answered: Can I change the language in RadGrid (PagerStyle and tooltips) to other language using ResourceKey?</title>
<link>http://forums.academy.telerik.com/172418/language-radgrid-pagerstyle-tooltips-language-resourcekey?show=172455#a172455</link>
<description>&lt;p&gt;
	Nabila,&lt;/p&gt;
&lt;p&gt;
	It really would be better to ask there, you just need to create account &lt;a rel=&quot;nofollow&quot; href=&quot;https://www.telerik.com/login/v2/telerik?ReturnUrl=https%3a%2f%2fidentity.telerik.com%2fv2%2foauth%2ftelerik%2fauthorize%3fclient_id%3dhttp%253a%252f%252fwww.lean.telerik.com%26redirect_uri%3dhttp%253a%252f%252fwww.telerik.com%252faccount%26response_type%3dcode%26state%3dCFCBABA0439B6035BE72B0B0281765F54094BBF8F0F70CEECE7D701BB35F5E93&quot;&gt;here&lt;/a&gt;&amp;nbsp;and then to open new thread &lt;a rel=&quot;nofollow&quot; href=&quot;http://www.telerik.com/forums/aspnet-ajax/grid&quot;&gt;here&lt;/a&gt;.&amp;nbsp;&lt;/p&gt;
&lt;p&gt;
	But during that time you can check &lt;a rel=&quot;nofollow&quot; href=&quot;http://www.telerik.com/forums/radgrid-language-localization&quot;&gt;this &lt;/a&gt;thread. There is something like your problem, reffering RadGrid, language localization and&amp;nbsp;resource files, so you might find your solution there. And if not it will be very easy to open new thread, where you will be assisted from Telerik support team very soon :)&lt;/p&gt;
&lt;p&gt;
	But please keep in mind that in&amp;nbsp;&lt;a href=&quot;http://forums.academy.telerik.com/&quot; rel=&quot;nofollow&quot; target=&quot;_blank&quot;&gt;http://forums.academy.telerik.com/&lt;/a&gt; we are mostly students in Telerik academy and not employees or part ot the support team, so it would be harder(or impossible) for us to answer :)&lt;/p&gt;
&lt;p&gt;
	Best regards!&lt;/p&gt;
&lt;p&gt;
	&amp;nbsp;&lt;/p&gt;</description>
<category>Общи приказки</category>
<guid isPermaLink="true">http://forums.academy.telerik.com/172418/language-radgrid-pagerstyle-tooltips-language-resourcekey?show=172455#a172455</guid>
<pubDate>Fri, 05 Sep 2014 16:03:49 +0000</pubDate>
</item>
<item>
<title>Answered: Конфигурация за графична станция</title>
<link>http://forums.academy.telerik.com/172396/%D0%BA%D0%BE%D0%BD%D1%84%D0%B8%D0%B3%D1%83%D1%80%D0%B0%D1%86%D0%B8%D1%8F-%D0%B7%D0%B0-%D0%B3%D1%80%D0%B0%D1%84%D0%B8%D1%87%D0%BD%D0%B0-%D1%81%D1%82%D0%B0%D0%BD%D1%86%D0%B8%D1%8F?show=172441#a172441</link>
<description>Съветвам те да мислиш и за възможност за 2 видеокарти (като евентуален ъпгрейд след известно време, ще им паднат цените и за по-малко кинти ще получиш по-голяма производителност, отколкото да смениш с 1 нова, като имаш предвид и скоростие на дъното). Също провери за РАЙД с ССД та - дали си заслужава за твоите цели - не знам , но проучи и това в зависимост от нуждите си.</description>
<category>Общи приказки</category>
<guid isPermaLink="true">http://forums.academy.telerik.com/172396/%D0%BA%D0%BE%D0%BD%D1%84%D0%B8%D0%B3%D1%83%D1%80%D0%B0%D1%86%D0%B8%D1%8F-%D0%B7%D0%B0-%D0%B3%D1%80%D0%B0%D1%84%D0%B8%D1%87%D0%BD%D0%B0-%D1%81%D1%82%D0%B0%D0%BD%D1%86%D0%B8%D1%8F?show=172441#a172441</guid>
<pubDate>Fri, 05 Sep 2014 11:35:35 +0000</pubDate>
</item>
<item>
<title>Answered: Подмяна на, Palit GTX 750 Ti с r9 270/270x?</title>
<link>http://forums.academy.telerik.com/172421/%D0%BF%D0%BE%D0%B4%D0%BC%D1%8F%D0%BD%D0%B0-%D0%BD%D0%B0-palit-gtx-750-ti-%D1%81-r9-270-270x?show=172426#a172426</link>
<description>r9 270/270x са стари карти с нови имена. Стой си с 750 Ti, не си струва.</description>
<category>Игри</category>
<guid isPermaLink="true">http://forums.academy.telerik.com/172421/%D0%BF%D0%BE%D0%B4%D0%BC%D1%8F%D0%BD%D0%B0-%D0%BD%D0%B0-palit-gtx-750-ti-%D1%81-r9-270-270x?show=172426#a172426</guid>
<pubDate>Fri, 05 Sep 2014 10:10:47 +0000</pubDate>
</item>
<item>
<title>Answered: SQL Server Express 2014 - проблем с инсталация</title>
<link>http://forums.academy.telerik.com/171501/sql-server-express-2014-%D0%BF%D1%80%D0%BE%D0%B1%D0%BB%D0%B5%D0%BC-%D1%81-%D0%B8%D0%BD%D1%81%D1%82%D0%B0%D0%BB%D0%B0%D1%86%D0%B8%D1%8F?show=172408#a172408</link>
<description>&lt;p&gt;
	Колеги, пробвах да инсталирам MS SQL 2014 Express, и накрая получих следните &lt;a rel=&quot;nofollow&quot; href=&quot;https://www.dropbox.com/s/sosgtuinyu37b9y/01.jpg?dl=0&quot;&gt;грешки&lt;/a&gt;. Преинсталирах го, и пак стана същото. Някой може ли да помогне?&lt;/p&gt;</description>
<category>Databases</category>
<guid isPermaLink="true">http://forums.academy.telerik.com/171501/sql-server-express-2014-%D0%BF%D1%80%D0%BE%D0%B1%D0%BB%D0%B5%D0%BC-%D1%81-%D0%B8%D0%BD%D1%81%D1%82%D0%B0%D0%BB%D0%B0%D1%86%D0%B8%D1%8F?show=172408#a172408</guid>
<pubDate>Fri, 05 Sep 2014 00:49:41 +0000</pubDate>
</item>
<item>
<title>Create MongoLab Account and Database Tutorial</title>
<link>http://forums.academy.telerik.com/172382/create-mongolab-account-and-database-tutorial</link>
<description>&lt;a href=&quot;https://www.youtube.com/watch?v=dPXURXyIzYM&quot; rel=&quot;nofollow&quot; target=&quot;_blank&quot;&gt;https://www.youtube.com/watch?v=dPXURXyIzYM&lt;/a&gt;&lt;br /&gt;
&lt;br /&gt;
&amp;nbsp;&lt;br /&gt;
&lt;br /&gt;
Малко помощ!</description>
<category>Databases</category>
<guid isPermaLink="true">http://forums.academy.telerik.com/172382/create-mongolab-account-and-database-tutorial</guid>
<pubDate>Thu, 04 Sep 2014 12:56:08 +0000</pubDate>
</item>
<item>
<title>Как да получа стойността на &quot;id&quot; - то на бутон при натискането му HTML/PHP?</title>
<link>http://forums.academy.telerik.com/172377/%D0%BA%D0%B0%D0%BA-%D0%B4%D0%B0-%D0%BF%D0%BE%D0%BB%D1%83%D1%87%D0%B0-%D1%81%D1%82%D0%BE%D0%B9%D0%BD%D0%BE%D1%81%D1%82%D1%82%D0%B0-%D1%82%D0%BE-%D0%B1%D1%83%D1%82%D0%BE%D0%BD-%D0%BF%D1%80%D0%B8-%D0%BD%D0%B0%D1%82%D0%B8%D1%81%D0%BA%D0%B0%D0%BD%D0%B5%D1%82%D0%BE-%D0%BC%D1%83-html-php</link>
<description>&lt;p&gt;
	Имам следния бутон:&lt;/p&gt;
&lt;p&gt;
	&lt;strong&gt;&lt;span style=&quot;font-size:14px;&quot;&gt;&lt;span style=&quot;font-family:tahoma,geneva,sans-serif;&quot;&gt;&amp;lt;input type = &quot;button&quot; value = &quot;Button&quot; id=&quot;1&quot; onClick = &quot;displayID(id)&quot;/&amp;gt;&lt;/span&gt;&lt;/span&gt;&lt;/strong&gt;&lt;/p&gt;
&lt;p&gt;
	Направих функция в PHP файла :&lt;/p&gt;
&lt;div&gt;
	&lt;strong&gt;&lt;span style=&quot;font-size:14px;&quot;&gt;&lt;span style=&quot;font-family:georgia,serif;&quot;&gt;function displayID($id){&lt;/span&gt;&lt;/span&gt;&lt;/strong&gt;&lt;/div&gt;
&lt;div&gt;
	&amp;nbsp;&lt;/div&gt;
&lt;div&gt;
	&lt;strong&gt;&lt;span style=&quot;font-size:14px;&quot;&gt;&lt;span style=&quot;font-family:georgia,serif;&quot;&gt;&amp;nbsp; &amp;nbsp; &amp;nbsp; &amp;nbsp; &amp;nbsp; return $id;&lt;/span&gt;&lt;/span&gt;&lt;/strong&gt;&lt;/div&gt;
&lt;div&gt;
	&lt;strong&gt;&lt;span style=&quot;font-size:14px;&quot;&gt;&lt;span style=&quot;font-family:georgia,serif;&quot;&gt;}&lt;/span&gt;&lt;/span&gt;&lt;/strong&gt;&lt;/div&gt;
&lt;div&gt;
	&amp;nbsp;&lt;/div&gt;
&lt;div&gt;
	След това давам стойноста на тази функция на променлива:&lt;/div&gt;
&lt;div&gt;
	&amp;nbsp;&lt;/div&gt;
&lt;div&gt;
	&lt;span style=&quot;font-size:14px;&quot;&gt;&lt;span style=&quot;font-family:georgia,serif;&quot;&gt;&lt;strong&gt;$valueID =&amp;nbsp;displayID($id);&lt;/strong&gt;&lt;/span&gt;&lt;/span&gt;&lt;/div&gt;
&lt;div&gt;
	&amp;nbsp;&lt;/div&gt;
&lt;div&gt;
	&lt;span style=&quot;font-size:14px;&quot;&gt;&lt;span style=&quot;font-family:georgia,serif;&quot;&gt;&lt;strong&gt;echo&amp;nbsp;&lt;/strong&gt;&lt;/span&gt;&lt;/span&gt;&lt;strong style=&quot;font-family: georgia, serif; font-size: 14px;&quot;&gt;$valueID;&lt;/strong&gt;&lt;/div&gt;
&lt;div&gt;
	&amp;nbsp;&lt;/div&gt;
&lt;div&gt;
	И ми дава грешка : Indefied variable $id;&lt;/div&gt;
&lt;div&gt;
	&amp;nbsp;&lt;/div&gt;
&lt;div&gt;
	&amp;nbsp;&lt;/div&gt;</description>
<category>HTML/CSS</category>
<guid isPermaLink="true">http://forums.academy.telerik.com/172377/%D0%BA%D0%B0%D0%BA-%D0%B4%D0%B0-%D0%BF%D0%BE%D0%BB%D1%83%D1%87%D0%B0-%D1%81%D1%82%D0%BE%D0%B9%D0%BD%D0%BE%D1%81%D1%82%D1%82%D0%B0-%D1%82%D0%BE-%D0%B1%D1%83%D1%82%D0%BE%D0%BD-%D0%BF%D1%80%D0%B8-%D0%BD%D0%B0%D1%82%D0%B8%D1%81%D0%BA%D0%B0%D0%BD%D0%B5%D1%82%D0%BE-%D0%BC%D1%83-html-php</guid>
<pubDate>Thu, 04 Sep 2014 12:29:49 +0000</pubDate>
</item>
<item>
<title>Профилактика на електрическото захранване в &quot;Академията на Телерик&quot;</title>
<link>http://forums.academy.telerik.com/172366/%D0%BF%D1%80%D0%BE%D1%84%D0%B8%D0%BB%D0%B0%D0%BA%D1%82%D0%B8%D0%BA%D0%B0-%D0%B5%D0%BB%D0%B5%D0%BA%D1%82%D1%80%D0%B8%D1%87%D0%B5%D1%81%D0%BA%D0%BE%D1%82%D0%BE-%D0%B7%D0%B0%D1%85%D1%80%D0%B0%D0%BD%D0%B2%D0%B0%D0%BD%D0%B5-%D0%B0%D0%BA%D0%B0%D0%B4%D0%B5%D0%BC%D0%B8%D1%8F%D1%82%D0%B0-%D1%82%D0%B5%D0%BB%D0%B5%D1%80%D0%B8%D0%BA</link>
<description>&lt;p&gt;
	Здравейте,&lt;/p&gt;
&lt;p&gt;
	На &lt;strong&gt;05.09.2014 (петък)&lt;/strong&gt; в интервала &lt;strong&gt;15.00 - 15.30 часа&lt;/strong&gt; ще бъде направена профилактика на електрическото захранване във всички зали в &quot;Академията на Телерик&quot;. В този интервал от 30 минути електрическото захранване ще бъде преустановено.&lt;/p&gt;
&lt;p&gt;
	Молим всички курсисти, които са в Академията в минутите преди профилактиката, да изключат работните си машини от контактите и да изчакат възобновяването на захранването, преди да ги включат отново.&lt;/p&gt;
&lt;p&gt;
	Във връзка с &lt;a href=&quot;http://www.cez.bg/bg/novini/1096.html&quot; rel=&quot;nofollow&quot;&gt;ремонт на електропроводи&lt;/a&gt;, собственотст на Електроенергиен системен оператор (ЕСО), в периода&lt;strong&gt; 06.09 - 14.09 &lt;/strong&gt;са възможни смущения в електроподаването в районите, в които се намира и &quot;Академията на Телерик&quot;. Имайте предвид, че в този период също са възможни прекъсвания на електрозахранването, за които няма как да ви информираме предварително.&lt;/p&gt;
&lt;p&gt;
	Поздрави,&lt;/p&gt;</description>
<category>Важни съобщения</category>
<guid isPermaLink="true">http://forums.academy.telerik.com/172366/%D0%BF%D1%80%D0%BE%D1%84%D0%B8%D0%BB%D0%B0%D0%BA%D1%82%D0%B8%D0%BA%D0%B0-%D0%B5%D0%BB%D0%B5%D0%BA%D1%82%D1%80%D0%B8%D1%87%D0%B5%D1%81%D0%BA%D0%BE%D1%82%D0%BE-%D0%B7%D0%B0%D1%85%D1%80%D0%B0%D0%BD%D0%B2%D0%B0%D0%BD%D0%B5-%D0%B0%D0%BA%D0%B0%D0%B4%D0%B5%D0%BC%D0%B8%D1%8F%D1%82%D0%B0-%D1%82%D0%B5%D0%BB%D0%B5%D1%80%D0%B8%D0%BA</guid>
<pubDate>Thu, 04 Sep 2014 09:21:09 +0000</pubDate>
</item>
<item>
<title>[Databases] Изтекла дата за изпращане на отборните проекти</title>
<link>http://forums.academy.telerik.com/172356/databases-%D0%B8%D0%B7%D1%82%D0%B5%D0%BA%D0%BB%D0%B0-%D0%B4%D0%B0%D1%82%D0%B0-%D0%B7%D0%B0-%D0%B8%D0%B7%D0%BF%D1%80%D0%B0%D1%89%D0%B0%D0%BD%D0%B5-%D0%BD%D0%B0-%D0%BE%D1%82%D0%B1%D0%BE%D1%80%D0%BD%D0%B8%D1%82%D0%B5-%D0%BF%D1%80%D0%BE%D0%B5%D0%BA%D1%82%D0%B8</link>
<description>Здравейте! Искам да попитам - датата за изпращане на отборните проекти в системата не беше ли до днес включително? Преди половин час някъде исках да си изпратя домашното, но срокът беше изтекъл. Искам да попитам трейнърите, има ли някаква възможност да удължат малко срока (до обяд примерно), защото така излиза, че нямаме отборна, а не е така. Не знам дали има други колеги с подобен проблем, които не са успяли да си изпратят домашното, но ако е възможно, нека го удължим малко. Мерси предварително.</description>
<category>Databases</category>
<guid isPermaLink="true">http://forums.academy.telerik.com/172356/databases-%D0%B8%D0%B7%D1%82%D0%B5%D0%BA%D0%BB%D0%B0-%D0%B4%D0%B0%D1%82%D0%B0-%D0%B7%D0%B0-%D0%B8%D0%B7%D0%BF%D1%80%D0%B0%D1%89%D0%B0%D0%BD%D0%B5-%D0%BD%D0%B0-%D0%BE%D1%82%D0%B1%D0%BE%D1%80%D0%BD%D0%B8%D1%82%D0%B5-%D0%BF%D1%80%D0%BE%D0%B5%D0%BA%D1%82%D0%B8</guid>
<pubDate>Thu, 04 Sep 2014 07:25:02 +0000</pubDate>
</item>
<item>
<title>XML парсери - Demo Live различно от това в системата</title>
<link>http://forums.academy.telerik.com/172336/xml-%D0%BF%D0%B0%D1%80%D1%81%D0%B5%D1%80%D0%B8-demo-live-%D1%80%D0%B0%D0%B7%D0%BB%D0%B8%D1%87%D0%BD%D0%BE-%D0%BE%D1%82-%D1%82%D0%BE%D0%B2%D0%B0-%D0%B2-%D1%81%D0%B8%D1%81%D1%82%D0%B5%D0%BC%D0%B0%D1%82%D0%B0</link>
<description>&lt;p&gt;
	Молбата ми е към Тренърите :&lt;br&gt;
	&lt;br&gt;
	Качените дема на лекция XML парсери не са тези, които ни бяха показани на самата лекция (&lt;strong style=&quot;margin: 0px; padding: 0px; border: 0px; font-size: 13.333333969116211px; color: rgb(51, 51, 51); font-family: arial, sans-serif; line-height: 17px; background-image: initial; background-attachment: initial; background-size: initial; background-origin: initial; background-clip: initial; background-position: initial; background-repeat: initial;&quot;&gt;&amp;nbsp;3 Sep 2014 с лектор&amp;nbsp;&lt;/strong&gt;&lt;span style=&quot;color: rgb(51, 51, 51); font-family: arial, sans-serif; font-size: 13.333333969116211px; line-height: 17px;&quot;&gt;&amp;nbsp;Евлоги Христов,&amp;nbsp;&lt;/span&gt;&lt;span style=&quot;color: rgb(51, 51, 51); font-family: arial, sans-serif; font-size: 13.333333969116211px; line-height: 17px;&quot;&gt;Курс: Бази данни 2014&lt;/span&gt;&lt;span style=&quot;color: rgb(51, 51, 51); font-family: arial, sans-serif; font-size: 13.333333969116211px; line-height: 17px;&quot;&gt;)&lt;/span&gt;. Ще е възможно ли да ни ги предоставите?&lt;/p&gt;
&lt;p&gt;
	&lt;br&gt;
	Благодаря&lt;/p&gt;</description>
<category>Софтуерна академия на Телерик</category>
<guid isPermaLink="true">http://forums.academy.telerik.com/172336/xml-%D0%BF%D0%B0%D1%80%D1%81%D0%B5%D1%80%D0%B8-demo-live-%D1%80%D0%B0%D0%B7%D0%BB%D0%B8%D1%87%D0%BD%D0%BE-%D0%BE%D1%82-%D1%82%D0%BE%D0%B2%D0%B0-%D0%B2-%D1%81%D0%B8%D1%81%D1%82%D0%B5%D0%BC%D0%B0%D1%82%D0%B0</guid>
<pubDate>Wed, 03 Sep 2014 22:07:56 +0000</pubDate>
</item>
<item>
<title>Macbook Air vs Toshiba Satellite Z30</title>
<link>http://forums.academy.telerik.com/172301/macbook-air-vs-toshiba-satellite-z30</link>
<description>Здравейте колеги, приеха ме в ФМИ на СУ и сега ще ми трябва компютър, Спрял съм се на два модела, Macbook Air Intel i7 1.7Ghz, 8GB ram, 256GB SSD и &lt;a href=&quot;http://laptop.bg/archive/laptops-toshiba-Satellite_Z30_A-toshiba_satellite_z30_a_130&quot; rel=&quot;nofollow&quot; target=&quot;_blank&quot;&gt;http://laptop.bg/archive/laptops-toshiba-Satellite_Z30_A-toshiba_satellite_z30_a_130&lt;/a&gt; , тук опира въпроса дали мак или уиндоус. Съвети, предложения, впечатления?</description>
<category>Общи приказки</category>
<guid isPermaLink="true">http://forums.academy.telerik.com/172301/macbook-air-vs-toshiba-satellite-z30</guid>
<pubDate>Wed, 03 Sep 2014 11:23:31 +0000</pubDate>
</item>
<item>
<title>Проблем при свързване на SQLite и C#!</title>
<link>http://forums.academy.telerik.com/172273/%D0%BF%D1%80%D0%BE%D0%B1%D0%BB%D0%B5%D0%BC-%D0%BF%D1%80%D0%B8-%D1%81%D0%B2%D1%8A%D1%80%D0%B7%D0%B2%D0%B0%D0%BD%D0%B5-%D0%BD%D0%B0-sqlite-%D0%B8-c%23</link>
<description>Здравейте!&lt;br /&gt;
&lt;br /&gt;
При използване на библиотеката System.Data.SQLite правя връзка от C# към SQLite база данни, но в повечето случаи, когато се опита да се върже, ми хвърля Exception: Unable to load DLL 'SQLite.Interop.dll'. При рефериране на библиотеката System.Data.SQLite от Nugget само си генерира две папки x86 и x64, във всяка от които се съдържа проблемната dll-ка SQLite.Interop.dll. Тоест би трябвало в зависимост от операционната система да зарежда нужната dll-ка, защото явно има разлика при 32-битова и 64-битова операционна система. До тук всичко е добре, но в повечето случаи ми се хвърля горния Exception, като казва, че не може да откриe нужната dll-ка. Случва се да я намери понякога, без да съм променял абсолютно нищо, но след като се опита да го направи още няколко пъти, гърми, без даже да съм променял нещо по кода или да съм размествал папките в solution-а. Търсих по интернет и се оказа, че е доста срещан проблем, но нищо не успя да ми помогне да го избегна. Даже някой беше писал в StackOverFlow, че му се е случвало да не му прави проблеми с дни за някое уеб приложение, но изведнъж му гърми точно с презумпцията, че файлът не може да бъде намерен. Ако някой се е сблъсквал с подобен проблем покрай отборната работа или като цяло при използване на SQLite, би ми било много полезно, да разбера как се е справил с проблема, защото изгубих много часове в търсене на решение на проблема. :)</description>
<category>Databases</category>
<guid isPermaLink="true">http://forums.academy.telerik.com/172273/%D0%BF%D1%80%D0%BE%D0%B1%D0%BB%D0%B5%D0%BC-%D0%BF%D1%80%D0%B8-%D1%81%D0%B2%D1%8A%D1%80%D0%B7%D0%B2%D0%B0%D0%BD%D0%B5-%D0%BD%D0%B0-sqlite-%D0%B8-c%23</guid>
<pubDate>Wed, 03 Sep 2014 09:03:25 +0000</pubDate>
</item>
<item>
<title>Материали за лекциите MongoDB и Redis</title>
<link>http://forums.academy.telerik.com/172265/%D0%BC%D0%B0%D1%82%D0%B5%D1%80%D0%B8%D0%B0%D0%BB%D0%B8-%D0%B7%D0%B0-%D0%BB%D0%B5%D0%BA%D1%86%D0%B8%D0%B8%D1%82%D0%B5-mongodb-%D0%B8-redis</link>
<description>Здравейте,&lt;br /&gt;
&lt;br /&gt;
В лекцията MongoDB и използване на MongoDB с .NET е сложена лекцията за Redis и използване на Redis с .NET. Проверих, да не би да са разменени, но и в лекцията за Redis си е лекцията за Redis. Тъй като в миналогодишната версия на курса има една обща лекция с около 4 слайда за Mongo ще бъдем благодарни да получим тазгодишната версия, тъй като срока за домашната наближава, а е полезно да имаш добре структурирани помощни материали.&lt;br /&gt;
&lt;br /&gt;
Поздрави!</description>
<category>Databases</category>
<guid isPermaLink="true">http://forums.academy.telerik.com/172265/%D0%BC%D0%B0%D1%82%D0%B5%D1%80%D0%B8%D0%B0%D0%BB%D0%B8-%D0%B7%D0%B0-%D0%BB%D0%B5%D0%BA%D1%86%D0%B8%D0%B8%D1%82%D0%B5-mongodb-%D0%B8-redis</guid>
<pubDate>Wed, 03 Sep 2014 07:41:25 +0000</pubDate>
</item>
<item>
<title>Кога ще се качат видеота от Обработка на транзакции и Обработка на транзакции с ADO.NET и Entity Framework</title>
<link>http://forums.academy.telerik.com/172240/%D0%B2%D0%B8%D0%B4%D0%B5%D0%BE%D1%82%D0%B0-%D0%BE%D0%B1%D1%80%D0%B0%D0%B1%D0%BE%D1%82%D0%BA%D0%B0-%D1%82%D1%80%D0%B0%D0%BD%D0%B7%D0%B0%D0%BA%D1%86%D0%B8%D0%B8-%D0%BE%D0%B1%D1%80%D0%B0%D0%B1%D0%BE%D1%82%D0%BA%D0%B0-%D1%82%D1%80%D0%B0%D0%BD%D0%B7%D0%B0%D0%BA%D1%86%D0%B8%D0%B8-framework</link>
<description></description>
<category>Databases</category>
<guid isPermaLink="true">http://forums.academy.telerik.com/172240/%D0%B2%D0%B8%D0%B4%D0%B5%D0%BE%D1%82%D0%B0-%D0%BE%D0%B1%D1%80%D0%B0%D0%B1%D0%BE%D1%82%D0%BA%D0%B0-%D1%82%D1%80%D0%B0%D0%BD%D0%B7%D0%B0%D0%BA%D1%86%D0%B8%D0%B8-%D0%BE%D0%B1%D1%80%D0%B0%D0%B1%D0%BE%D1%82%D0%BA%D0%B0-%D1%82%D1%80%D0%B0%D0%BD%D0%B7%D0%B0%D0%BA%D1%86%D0%B8%D0%B8-framework</guid>
<pubDate>Tue, 02 Sep 2014 15:21:22 +0000</pubDate>
</item>
<item>
<title>[Databases] ADO.NET параметри и string.Format()</title>
<link>http://forums.academy.telerik.com/172235/databases-ado-net-%D0%BF%D0%B0%D1%80%D0%B0%D0%BC%D0%B5%D1%82%D1%80%D0%B8-%D0%B8-string-format</link>
<description>Има ли някакви предимства да се използват параметрите в ADO.NET вместо string.Format?</description>
<category>Databases</category>
<guid isPermaLink="true">http://forums.academy.telerik.com/172235/databases-ado-net-%D0%BF%D0%B0%D1%80%D0%B0%D0%BC%D0%B5%D1%82%D1%80%D0%B8-%D0%B8-string-format</guid>
<pubDate>Tue, 02 Sep 2014 13:34:46 +0000</pubDate>
</item>
<item>
<title>[Databases] Защита на отборни проекти?</title>
<link>http://forums.academy.telerik.com/172220/databases-%D0%B7%D0%B0%D1%89%D0%B8%D1%82%D0%B0-%D0%BD%D0%B0-%D0%BE%D1%82%D0%B1%D0%BE%D1%80%D0%BD%D0%B8-%D0%BF%D1%80%D0%BE%D0%B5%D0%BA%D1%82%D0%B8</link>
<description>Здравейте!&lt;br /&gt;
Знае ли се кога горе-долу ще са защитите на отборните проекти по Бази данни? Пред/след изпита ?&lt;br /&gt;
&lt;br /&gt;
Благодаря предварително за отговора :)</description>
<category>Софтуерна академия на Телерик</category>
<guid isPermaLink="true">http://forums.academy.telerik.com/172220/databases-%D0%B7%D0%B0%D1%89%D0%B8%D1%82%D0%B0-%D0%BD%D0%B0-%D0%BE%D1%82%D0%B1%D0%BE%D1%80%D0%BD%D0%B8-%D0%BF%D1%80%D0%BE%D0%B5%D0%BA%D1%82%D0%B8</guid>
<pubDate>Tue, 02 Sep 2014 08:19:32 +0000</pubDate>
</item>
<item>
<title>Работа с ASP.NET mvc и  AJAX</title>
<link>http://forums.academy.telerik.com/172199/%D1%80%D0%B0%D0%B1%D0%BE%D1%82%D0%B0-%D1%81-asp-net-mvc-%D0%B8-ajax</link>
<description>Здравейте, Имам следните няколко въпроса. След задолбочен анализ от няколко часа преглеждане на форуми, видеа &amp;nbsp;не намерих нищо което може да ми свърши работа. Въпросите ми са следните:&lt;br /&gt;
&lt;br /&gt;
Как да направя пост заявка с AJAX &amp;nbsp;без да правя нов View модел в самият контролер.&lt;br /&gt;
&lt;br /&gt;
Как да направя Get заявка пак без правя нов View модел.&lt;br /&gt;
&lt;br /&gt;
Благодаря предварително.&lt;br /&gt;
&lt;br /&gt;
Поздрви</description>
<category>ASP.NET MVC</category>
<guid isPermaLink="true">http://forums.academy.telerik.com/172199/%D1%80%D0%B0%D0%B1%D0%BE%D1%82%D0%B0-%D1%81-asp-net-mvc-%D0%B8-ajax</guid>
<pubDate>Tue, 02 Sep 2014 00:36:23 +0000</pubDate>
</item>
<item>
<title>Priority Queue</title>
<link>http://forums.academy.telerik.com/172178/priority-queue</link>
<description>&lt;p&gt;
	Ето от &lt;a rel=&quot;nofollow&quot; href=&quot;http://www.avk.name/2010/11/priority-queue-in-c-with-help-of-heap.html&quot;&gt;тук&lt;/a&gt; може да си свалите PriorityQueue имплементирана с Heap.&lt;/p&gt;
&lt;p&gt;
	При мен генерира 1 000 000 елемента стринг с 10 - 15 случайни символа за около 2 - 3 секунди.&lt;/p&gt;
&lt;p&gt;
	Също така може да мърджва две опашки - при мен две опашки от по 1 000 000 елемента ги мърджва за около 4 сек.&lt;/p&gt;</description>
<category>Data Structures &amp; Algorithms</category>
<guid isPermaLink="true">http://forums.academy.telerik.com/172178/priority-queue</guid>
<pubDate>Mon, 01 Sep 2014 16:19:10 +0000</pubDate>
</item>
<item>
<title>[DSA] Алгоритъм за сортиране с линейна сложност</title>
<link>http://forums.academy.telerik.com/172171/dsa-%D0%B0%D0%BB%D0%B3%D0%BE%D1%80%D0%B8%D1%82%D1%8A%D0%BC-%D0%B7%D0%B0-%D1%81%D0%BE%D1%80%D1%82%D0%B8%D1%80%D0%B0%D0%BD%D0%B5-%D1%81-%D0%BB%D0%B8%D0%BD%D0%B5%D0%B9%D0%BD%D0%B0-%D1%81%D0%BB%D0%BE%D0%B6%D0%BD%D0%BE%D1%81%D1%82</link>
<description>&lt;p&gt;
	Намерих този алгоритъм случайно и много ме впечатли.&lt;br&gt;
	Нарича се&amp;nbsp;&lt;b style=&quot;color: rgb(0, 0, 0); font-family: Verdana, Tahoma, Arial, sans-serif; line-height: 19.200000762939453px; background-color: rgb(244, 244, 244);&quot;&gt;Radix sort&lt;/b&gt;&amp;nbsp;и научих за него от тази статия:&amp;nbsp;&lt;a href=&quot;http://forums.bgdev.org/index.php?showtopic=22740&quot; rel=&quot;nofollow&quot;&gt;http://forums.bgdev.org/index.php?showtopic=22740&lt;/a&gt;&lt;br&gt;
	&lt;br&gt;
	Каква е идеята:&lt;br&gt;
	Алгоритъма подрежда елементите по битовете на някакви прости стойности (букви, интове и тн). Сложен е за имплементиране, но е ужасно бърз.&lt;br&gt;
	&lt;br&gt;
	Сложността му е О(n*length) където length е дължината на битовете на това което сортирате. Съответно ако сортирате по интове сложността ще е n*32 докато ако сортирате по long ще е n*64.&lt;br&gt;
	&lt;br&gt;
	Уловката е че алгоритъма всъщност не сравнява обекти, а битове. На него не му пука дали класа ви има IComparable. Ако не му дадете прост вид стойност по която да подрежда, той е неприложим.&lt;br&gt;
	&lt;br&gt;
	За повече информация прочетете статията.&lt;br&gt;
	&lt;br&gt;
	Споделете други интересни алгоритми на които сте попадали.&lt;/p&gt;</description>
<category>Data Structures &amp; Algorithms</category>
<guid isPermaLink="true">http://forums.academy.telerik.com/172171/dsa-%D0%B0%D0%BB%D0%B3%D0%BE%D1%80%D0%B8%D1%82%D1%8A%D0%BC-%D0%B7%D0%B0-%D1%81%D0%BE%D1%80%D1%82%D0%B8%D1%80%D0%B0%D0%BD%D0%B5-%D1%81-%D0%BB%D0%B8%D0%BD%D0%B5%D0%B9%D0%BD%D0%B0-%D1%81%D0%BB%D0%BE%D0%B6%D0%BD%D0%BE%D1%81%D1%82</guid>
<pubDate>Mon, 01 Sep 2014 15:39:54 +0000</pubDate>
</item>
<item>
<title>[Databases] Изпит, ще има ли sql server &amp; management studio на машините в залата?</title>
<link>http://forums.academy.telerik.com/172169/databases-%D0%B8%D0%B7%D0%BF%D0%B8%D1%82-server-management-studio-%D0%BC%D0%B0%D1%88%D0%B8%D0%BD%D0%B8%D1%82%D0%B5-%D0%B7%D0%B0%D0%BB%D0%B0%D1%82%D0%B0</link>
<description>Здравейте,&lt;br /&gt;
&lt;br /&gt;
изпита наближава и ме интересува дали на машините ще има инсталирани ms sql server и sql server management tools, с които да работим?</description>
<category>Databases</category>
<guid isPermaLink="true">http://forums.academy.telerik.com/172169/databases-%D0%B8%D0%B7%D0%BF%D0%B8%D1%82-server-management-studio-%D0%BC%D0%B0%D1%88%D0%B8%D0%BD%D0%B8%D1%82%D0%B5-%D0%B7%D0%B0%D0%BB%D0%B0%D1%82%D0%B0</guid>
<pubDate>Mon, 01 Sep 2014 15:25:53 +0000</pubDate>
</item>
<item>
<title>[Database] Сам ли да пиша отборната работа?</title>
<link>http://forums.academy.telerik.com/172163/database-%D1%81%D0%B0%D0%BC-%D0%BB%D0%B8-%D0%B4%D0%B0-%D0%BF%D0%B8%D1%88%D0%B0-%D0%BE%D1%82%D0%B1%D0%BE%D1%80%D0%BD%D0%B0%D1%82%D0%B0-%D1%80%D0%B0%D0%B1%D0%BE%D1%82%D0%B0</link>
<description>[Database Teamwork]&lt;br /&gt;
&lt;br /&gt;
Няма никаква активност от страна на съотборниците ми, а срока наближава.&lt;br /&gt;
&lt;br /&gt;
Едва ли ще намеря време да свърша всичко сам за 2 дни. Какво да правя?</description>
<category>Софтуерна академия на Телерик</category>
<guid isPermaLink="true">http://forums.academy.telerik.com/172163/database-%D1%81%D0%B0%D0%BC-%D0%BB%D0%B8-%D0%B4%D0%B0-%D0%BF%D0%B8%D1%88%D0%B0-%D0%BE%D1%82%D0%B1%D0%BE%D1%80%D0%BD%D0%B0%D1%82%D0%B0-%D1%80%D0%B0%D0%B1%D0%BE%D1%82%D0%B0</guid>
<pubDate>Mon, 01 Sep 2014 13:37:32 +0000</pubDate>
</item>
<item>
<title>Как да взема имената на пропъртитата?</title>
<link>http://forums.academy.telerik.com/172147/%D0%BA%D0%B0%D0%BA-%D0%B4%D0%B0-%D0%B2%D0%B7%D0%B5%D0%BC%D0%B0-%D0%B8%D0%BC%D0%B5%D0%BD%D0%B0%D1%82%D0%B0-%D0%BD%D0%B0-%D0%BF%D1%80%D0%BE%D0%BF%D1%8A%D1%80%D1%82%D0%B8%D1%82%D0%B0%D1%82%D0%B0</link>
<description>Как да взема имената на колоните след подобна заявка за да ги вкарам в репорта без да ги знам предварително.&lt;br /&gt;
&lt;br /&gt;
db.Towns.Select(t =&amp;gt; new { t.TownID, t.Name }).Take(10);&lt;br /&gt;
&lt;br /&gt;
Така получавам само броя колони.&lt;br /&gt;
&lt;br /&gt;
queryResult.First().GetType().GetProperties().Length</description>
<category>Databases</category>
<guid isPermaLink="true">http://forums.academy.telerik.com/172147/%D0%BA%D0%B0%D0%BA-%D0%B4%D0%B0-%D0%B2%D0%B7%D0%B5%D0%BC%D0%B0-%D0%B8%D0%BC%D0%B5%D0%BD%D0%B0%D1%82%D0%B0-%D0%BD%D0%B0-%D0%BF%D1%80%D0%BE%D0%BF%D1%8A%D1%80%D1%82%D0%B8%D1%82%D0%B0%D1%82%D0%B0</guid>
<pubDate>Mon, 01 Sep 2014 10:23:48 +0000</pubDate>
</item>
<item>
<title>[Databases] Домашни и отборната работа.</title>
<link>http://forums.academy.telerik.com/172146/databases-%D0%B4%D0%BE%D0%BC%D0%B0%D1%88%D0%BD%D0%B8-%D0%B8-%D0%BE%D1%82%D0%B1%D0%BE%D1%80%D0%BD%D0%B0%D1%82%D0%B0-%D1%80%D0%B0%D0%B1%D0%BE%D1%82%D0%B0</link>
<description>Имам едно предложение... Нека домашните за сряда да се преместят с един ден(Четвъртък) или за уикенда, за да имаме повече време за отборните работи.</description>
<category>Databases</category>
<guid isPermaLink="true">http://forums.academy.telerik.com/172146/databases-%D0%B4%D0%BE%D0%BC%D0%B0%D1%88%D0%BD%D0%B8-%D0%B8-%D0%BE%D1%82%D0%B1%D0%BE%D1%80%D0%BD%D0%B0%D1%82%D0%B0-%D1%80%D0%B0%D0%B1%D0%BE%D1%82%D0%B0</guid>
<pubDate>Mon, 01 Sep 2014 10:07:56 +0000</pubDate>
</item>
<item>
<title>Wintellect.PowerCollections Namespace</title>
<link>http://forums.academy.telerik.com/172053/wintellect-powercollections-namespace</link>
<description>&lt;p&gt;
	На лекцията за&amp;nbsp;Advanced Data Structures Иво спомена, че миналата година е успял да намери всички класове на&amp;nbsp;Wintellect.PowerCollections, но не можа да ни покаже къде са.&lt;/p&gt;
&lt;p&gt;
	Мисля че &lt;a rel=&quot;nofollow&quot; href=&quot;http://submain.com/ghostdoc/samples/PowerCollections/HTML/html/526895641.htm&quot;&gt;тук&lt;/a&gt; е това което търсеше :)&lt;/p&gt;</description>
<category>Data Structures &amp; Algorithms</category>
<guid isPermaLink="true">http://forums.academy.telerik.com/172053/wintellect-powercollections-namespace</guid>
<pubDate>Sun, 31 Aug 2014 16:35:07 +0000</pubDate>
</item>
</channel>
</rss>