<?xml version="1.0" encoding="windows-1251"?>
<albums>
	<album>
		<name>Got to Be There</name>
		<artist>Michael Jackson</artist>
	</album>
	<album>
		<name>Off the Wall</name>
		<artist>Michael Jackson</artist>
	</album>
	<album>
		<name>From Her to Eternity</name>
		<artist>Nick Cave and the Bad Seeds</artist>
	</album>
	<album>
		<name>Bad</name>
		<artist>Michael Jackson</artist>
	</album>
	<album>
		<name>Let Love In</name>
		<artist>Nick Cave and the Bad Seeds</artist>
	</album>
	<album>
		<name>The Serpent's Egg</name>
		<artist>Dead Can Dance</artist>
	</album>
	<album>
		<name>Aion</name>
		<artist>Dead Can Dance</artist>
	</album>
	<album>
		<name>Into the Labyrinth</name>
		<artist>Dead Can Dance</artist>
	</album>
	<album>
		<name>Anastasis</name>
		<artist>Dead Can Dance</artist>
	</album>
</albums>