﻿<?xml version="1.0" encoding="utf-8"?>
<contacts xmlns="http://contactinfo.com/peshocontacts">
  <contact>
    <name>Kolio Nikolov</name>
    <address>Bulgaria, Sofia, ul.Kozqk 25</address>
    <phone>+359888123456</phone>
  </contact>
  <contact>
    <name>Mihail Karaivanov</name>
    <address>Bulgaria, Vratza, bul. Sestri Hadjidimovi 111</address>
    <phone>+359878123456</phone>
  </contact>
  <contact>
    <name>Klara Perkova</name>
    <address>Bulgaria, Stara Zagora, bul. Tzar Simeon 23</address>
    <phone>+359878654321</phone>
  </contact>
  <contact>
    <name>Kukla Rozova</name>
    <address>Bulgaria, Sliven, ul. Karadere 11</address>
    <phone>+359888654321</phone>
  </contact>
</contacts>