﻿<?xml version="1.0" encoding="utf-8"?>
<directories>
	<dir name="XML.Processing">
		<dir name="bin">
			<dir name="Debug">
				<file>directoryUsingLinq.xml</file>
				<file>ExtractArtistsDOMParser.exe</file>
				<file>ExtractArtistsDOMParser.exe.config</file>
				<file>ExtractArtistsDOMParser.pdb</file>
				<file>ExtractArtistsDOMParser.vshost.exe</file>
				<file>ExtractArtistsDOMParser.vshost.exe.config</file>
				<file>ExtractArtistsDOMParser.vshost.exe.manifest</file>
			</dir>
			<dir name="Release" />
		</dir>
		<dir name="obj">
			<dir name="Debug">
				<dir name="TempPE" />
				<file>DesignTimeResolveAssemblyReferencesInput.cache</file>
				<file>ExtractArtistsDOMParser.csproj.FileListAbsolute.txt</file>
				<file>ExtractArtistsDOMParser.exe</file>
				<file>ExtractArtistsDOMParser.pdb</file>
				<file>TemporaryGeneratedFile_036C0B5B-1481-4323-8D20-8F5ADCB23D92.cs</file>
				<file>TemporaryGeneratedFile_5937a670-0e60-4077-877b-f7221da3dda1.cs</file>
				<file>TemporaryGeneratedFile_E7A71F73-0F8D-4B9B-B56E-8E70B10BC5D3.cs</file>
				<file>XML.Processing.csproj.FileListAbsolute.txt</file>
				<file>XML.Processing.csprojResolveAssemblyReference.cache</file>
			</dir>
		</dir>
		<dir name="Properties">
			<file>AssemblyInfo.cs</file>
		</dir>
		<file>album.xml</file>
		<file>App.config</file>
		<file>catalog.xml</file>
		<file>catalogAfterDeletionOfAlbums.xml</file>
		<file>Contacts.txt</file>
		<file>contacts.xml</file>
		<file>directory.xml</file>
		<file>directoryUsingLinq.xml</file>
		<file>Xml.Processing.csproj</file>
		<file>Xml.Processing.csproj.user</file>
		<file>XmlProcessing.cs</file>
	</dir>
</directories>