﻿<?xml version="1.0" encoding="utf-8"?>
<dir name="XML.Processing">
  <dir name="bin">
    <dir name="Debug">
      <file name="directoryUsingLinq.xml" />
      <file name="ExtractArtistsDOMParser.exe" />
      <file name="ExtractArtistsDOMParser.exe.config" />
      <file name="ExtractArtistsDOMParser.pdb" />
      <file name="ExtractArtistsDOMParser.vshost.exe" />
      <file name="ExtractArtistsDOMParser.vshost.exe.config" />
      <file name="ExtractArtistsDOMParser.vshost.exe.manifest" />
    </dir>
    <dir name="Release" />
  </dir>
  <dir name="obj">
    <dir name="Debug">
      <dir name="TempPE" />
      <file name="DesignTimeResolveAssemblyReferencesInput.cache" />
      <file name="ExtractArtistsDOMParser.csproj.FileListAbsolute.txt" />
      <file name="ExtractArtistsDOMParser.exe" />
      <file name="ExtractArtistsDOMParser.pdb" />
      <file name="TemporaryGeneratedFile_036C0B5B-1481-4323-8D20-8F5ADCB23D92.cs" />
      <file name="TemporaryGeneratedFile_5937a670-0e60-4077-877b-f7221da3dda1.cs" />
      <file name="TemporaryGeneratedFile_E7A71F73-0F8D-4B9B-B56E-8E70B10BC5D3.cs" />
      <file name="XML.Processing.csproj.FileListAbsolute.txt" />
      <file name="XML.Processing.csprojResolveAssemblyReference.cache" />
    </dir>
  </dir>
  <dir name="Properties">
    <file name="AssemblyInfo.cs" />
  </dir>
  <file name="album.xml" />
  <file name="App.config" />
  <file name="catalog.xml" />
  <file name="catalogAfterDeletionOfAlbums.xml" />
  <file name="Contacts.txt" />
  <file name="contacts.xml" />
  <file name="directory.xml" />
  <file name="directoryUsingLinq.xml" />
  <file name="Xml.Processing.csproj" />
  <file name="Xml.Processing.csproj.user" />
  <file name="XmlProcessing.cs" />
</dir>