﻿<?xml version="1.0" encoding="utf-8" ?>
<albums>
  <album>
    <name>Got to Be There</name>
    <artist>Michael Jackson</artist>
    <year>1972</year>
    <producer>Motown</producer>
    <price>35.50</price>
    <songs>
      <song>
        <title>Song 1</title>
        <duration>3:43</duration>
      </song>
      <song>
        <title>Song 2</title>
        <duration>2:43</duration>
      </song>
      <song>
        <title>Song 3</title>
        <duration>4:04</duration>
      </song>
    </songs>
  </album>
  <album>
    <name>Off the Wall</name>
    <artist>Michael Jackson</artist>
    <year>1979</year>
    <producer>Epic</producer>
    <price>20.34</price>
    <songs>
      <song>
        <title>Song 1</title>
        <duration>3:43</duration>
      </song>
      <song>
        <title>Song 2</title>
        <duration>2:43</duration>
      </song>
      <song>
        <title>Song 3</title>
        <duration>4:04</duration>
      </song>
    </songs>
  </album>
  <album>
    <name>From Her to Eternity</name>
    <artist>Nick Cave and the Bad Seeds</artist>
    <year>1984</year>
    <producer>Mute Records</producer>
    <price>23.34</price>
    <songs>
      <song>
        <title>Song 1</title>
        <duration>3:43</duration>
      </song>
      <song>
        <title>Song 2</title>
        <duration>2:43</duration>
      </song>
      <song>
        <title>Song 3</title>
        <duration>4:04</duration>
      </song>
    </songs>
  </album>
  <album>
    <name>Bad</name>
    <artist>Michael Jackson</artist>
    <year>1987</year>
    <producer>Epic</producer>
    <price>20.34</price>
    <songs>
      <song>
        <title>Bad</title>
        <duration>4:07</duration>
      </song>
      <song>
        <title>The Way You Make Me Feel</title>
        <duration>4:59</duration>
      </song>
      <song>
        <title>Speed Demon</title>
        <duration>4:01</duration>
      </song>
      <song>
        <title>Liberian Girl</title>
        <duration>3:53</duration>
      </song>
      <song>
        <title>Man in the Mirror</title>
        <duration>5:19</duration>
      </song>
    </songs>
  </album>
  <album>
    <name>Let Love In</name>
    <artist>Nick Cave and the Bad Seeds</artist>
    <year>1994</year>
    <producer>Mute Records</producer>
    <price>5.34</price>
    <songs>
      <song>
        <title>Song 1</title>
        <duration>3:43</duration>
      </song>
      <song>
        <title>Song 2</title>
        <duration>2:43</duration>
      </song>
      <song>
        <title>Song 3</title>
        <duration>4:04</duration>
      </song>
    </songs>
  </album>
  <album>
    <name>The Serpent's Egg</name>
    <artist>Dead Can Dance</artist>
    <year>1988</year>
    <producer>4AD Records</producer>
    <price>5.34</price>
    <songs>
      <song>
        <title>Song 1</title>
        <duration>3:43</duration>
      </song>
      <song>
        <title>Song 2</title>
        <duration>2:43</duration>
      </song>
      <song>
        <title>Song 3</title>
        <duration>4:04</duration>
      </song>
    </songs>
  </album>
  <album>
    <name>Aion</name>
    <artist>Dead Can Dance</artist>
    <year>1990</year>
    <producer>4AD Records</producer>
    <price>25.34</price>
    <songs>
      <song>
        <title>Song 1</title>
        <duration>3:43</duration>
      </song>
      <song>
        <title>Song 2</title>
        <duration>2:43</duration>
      </song>
      <song>
        <title>Song 3</title>
        <duration>4:04</duration>
      </song>
    </songs>
  </album>
  <album>
    <name>Into the Labyrinth</name>
    <artist>Dead Can Dance</artist>
    <year>1993</year>
    <producer>4AD Records</producer>
    <price>35.34</price>
    <songs>
      <song>
        <title>Song 1</title>
        <duration>3:43</duration>
      </song>
      <song>
        <title>Song 2</title>
        <duration>2:43</duration>
      </song>
      <song>
        <title>Song 3</title>
        <duration>4:04</duration>
      </song>
    </songs>
  </album>
  <album>
    <name>Anastasis</name>
    <artist>Dead Can Dance</artist>
    <year>2012</year>
    <producer>4AD Records</producer>
    <price>25.34</price>
    <songs>
      <song>
        <title>Song 1</title>
        <duration>3:43</duration>
      </song>
      <song>
        <title>Song 2</title>
        <duration>2:43</duration>
      </song>
      <song>
        <title>Song 3</title>
        <duration>4:04</duration>
      </song>
    </songs>
  </album>
</albums>
