﻿[
   {
      "Year":2014,
      "TransmissionType":0,
      "ManufacturerName":"Mazda",
      "Model":"6 Skyactiv",
      "Price":60000.0,
      "Dealer":{
         "Name":"Star Motors",
         "City":"Sofia"
      }
   },
   {
      "Year":2008,
      "TransmissionType":1,
      "ManufacturerName":"BMW",
      "Model":"320i Cabrio",
      "Price":30000.0,
      "Dealer":{
         "Name":"MM Auto",
         "City":"Sofia"
      }
   },
   {
      "Year":2003,
      "TransmissionType":0,
      "ManufacturerName":"Renaut",
      "Model":"Clio 1.4",
      "Price":5500.0,
      "Dealer":{
         "Name":"T Моторс",
         "City":"Sofia"
      }
   },
   {
      "Year":1997,
      "TransmissionType":0,
      "ManufacturerName":"Opel",
      "Model":"Tigra",
      "Price":5000.0,
      "Dealer":{
         "Name":"TA Моторс",
         "City":"Sofia"
      }
   }
]