﻿<?xml version="1.0" encoding="utf-8"?>
<JustCodeSettings Version="0.0" Timestamp="f998167b-07fb-4e8a-9d71-549e3f394e4f">
  <IgnoredErrorsAndWarningsSettings xmlns:i="http://www.w3.org/2001/XMLSchema-instance">
    <IgnoredErrorsAndWarnings Version="2">
      <FilePath>
        <FileRelativePath>Chef/02.TestChef.cs</FileRelativePath>
        <ProjectRelativePath>Chef/01.Chef.csproj</ProjectRelativePath>
        <IgnoredElement>
          <TextualIdentifier>17472477106701526432</TextualIdentifier>
        </IgnoredElement>
      </FilePath>
      <FilePath>
        <FileRelativePath>Chef/02.TestChef.cs</FileRelativePath>
        <ProjectRelativePath>Chef/01.And02.Chef.csproj</ProjectRelativePath>
        <IgnoredElement>
          <TextualIdentifier>17619733134893816217</TextualIdentifier>
        </IgnoredElement>
      </FilePath>
    </IgnoredErrorsAndWarnings>
  </IgnoredErrorsAndWarningsSettings>
</JustCodeSettings>